Date,AAPL,ADBE,AMZN,BTC-USD,FB,GCF,IRX,MSFT,NVDA,QCOM,TSLA,TXN
2019-05-31,42.8975715637207,270.8999938964844,1775.0699462890625,8574.501953125,177.47000122070312,1305.800048828125,2.2929999828338623,121.00494384765624,33.73149871826172,62.93769836425781,37.03200149536133,98.2782745361328
2019-06-03,42.4638671875,259.0299987792969,1692.68994140625,8208.9951171875,164.14999389648438,1322.699951171875,2.2799999713897705,117.24799346923828,33.31315231323242,62.78699493408203,35.79399871826172,99.08855438232422
2019-06-04,44.01735305786133,268.7099914550781,1729.56005859375,7707.77099609375,167.5,1323.4000244140625,2.2950000762939453,120.49618530273438,35.60906982421875,64.47299194335938,38.720001220703125,102.81013488769533
2019-06-05,44.72793960571289,272.8599853515625,1738.5,7824.2314453125,168.1699981689453,1328.300048828125,2.2850000858306885,123.10843658447266,35.180755615234375,63.70308303833008,39.31800079345703,103.14932250976562
2019-06-06,45.38462448120117,274.79998779296875,1754.3599853515625,7822.0234375,168.3300018310547,1337.5999755859375,2.255000114440918,125.05538940429688,35.80329132080078,64.244873046875,41.189998626708984,103.8182601928711
2019-06-07,46.59263229370117,278.1600036621094,1804.030029296875,8043.951171875,173.35000610351562,1341.199951171875,2.2149999141693115,128.55795288085938,36.23160171508789,65.29043579101562,40.900001525878906,104.74159240722656
2019-06-10,47.18806076049805,280.3399963378906,1860.6300048828125,8000.32958984375,174.82000732421875,1324.699951171875,2.2200000286102295,129.73202514648438,36.96121597290039,67.04888153076172,42.57600021362305,106.1171646118164
2019-06-11,47.734474182128906,275.989990234375,1863.699951171875,7927.71435546875,178.10000610351562,1326.4000244140625,2.2130000591278076,129.24281311035156,37.53893280029297,67.71422576904297,43.41999816894531,106.39982604980467
2019-06-12,47.58255386352539,276.8399963378906,1855.3199462890625,8145.857421875,175.0399932861328,1331.9000244140625,2.1649999618530273,128.64602661132812,36.405914306640625,66.1458740234375,41.85200119018555,103.95958709716795
2019-06-13,47.572757720947266,276.29998779296875,1870.300048828125,8230.923828125,177.47000122070312,1339.199951171875,2.140000104904175,129.45806884765625,36.91888427734375,66.46906280517578,42.78200149536133,104.75101470947266
2019-06-14,47.227264404296875,274.2799987792969,1869.6700439453125,8693.8330078125,181.3300018310547,1340.0999755859375,2.125,129.5852508544922,36.0174560546875,65.3189468383789,42.98400115966797,101.10479736328124
2019-06-17,47.5090446472168,275.6000061035156,1886.030029296875,9320.3525390625,189.0099945068359,1338.699951171875,2.138000011444092,129.9766082763672,36.11456298828125,65.68964385986328,45.00600051879883,100.5489273071289
2019-06-18,48.62639617919922,276.7799987792969,1901.3699951171875,9081.7626953125,188.47000122070312,1346.5999755859375,2.1679999828338623,132.23663330078125,38.06932830810547,68.39859008789062,44.948001861572266,104.61911010742188
2019-06-19,48.48426818847656,291.2099914550781,1908.7900390625,9273.521484375,187.47999572753903,1344.5999755859375,2.125,132.75518798828125,38.12908935546875,68.24650573730469,45.2859992980957,104.86408996582033
2019-06-20,48.87387466430664,302.1099853515625,1918.18994140625,9527.16015625,189.52999877929688,1392.9000244140625,2.078000068664551,133.98788452148438,38.37312698364258,69.1399917602539,43.92399978637695,106.19253540039062
2019-06-21,48.70724868774414,299.3299865722656,1911.300048828125,10144.556640625,191.13999938964844,1396.199951171875,2.055000066757202,134.00747680664062,37.790428161621094,69.12097930908203,44.37200164794922,105.82508850097656
2019-06-24,48.65824508666992,299.8699951171875,1913.9000244140625,11011.1025390625,192.6000061035156,1414.300048828125,2.058000087738037,134.79995727539062,38.01455307006836,69.5392074584961,44.72800064086914,106.21138763427734
2019-06-25,47.92070388793945,287.9700012207031,1878.27001953125,11790.9169921875,188.83999633789065,1414.9000244140625,2.0829999446868896,130.54403686523438,37.72071075439453,68.95939636230469,43.95199966430664,105.0336685180664
2019-06-26,48.957183837890625,288.7200012207031,1897.8299560546875,13016.2314453125,187.66000366210935,1411.5999755859375,2.0929999351501465,131.0332489013672,39.65803909301758,71.24060821533203,43.854000091552734,107.81309509277344
2019-06-27,48.94247817993164,293.2300109863281,1904.280029296875,11182.806640625,189.5,1408.4000244140625,2.0850000381469727,131.2484588623047,40.64663314819336,71.69686889648438,44.56800079345703,109.16038513183594
2019-06-28,48.49652099609375,294.6499938964844,1893.6300048828125,12407.33203125,193.0,1409.699951171875,2.0350000858306885,131.06259155273438,40.89564514160156,72.30519104003906,44.69200134277344,108.12400817871094
2019-07-01,49.385982513427734,300.9700012207031,1922.18994140625,10583.134765625,193.0,1385.5999755859375,2.065000057220459,132.74539184570312,41.37873077392578,73.68342590332031,45.43399810791016,110.41348266601562
2019-07-02,49.67512130737305,301.3900146484375,1934.31005859375,10801.677734375,195.0,1404.5999755859375,2.1480000019073486,133.6259002685547,40.39760971069336,73.19866943359375,44.90999984741211,109.34882354736328
2019-07-05,50.042667388916016,303.9800109863281,1942.9100341796875,10978.4599609375,196.3999938964844,1396.699951171875,2.163000106811523,134.0955352783203,39.89958572387695,72.8659896850586,46.619998931884766,109.0567626953125
2019-07-08,49.011085510253906,302.9200134277344,1952.3199462890625,12285.9580078125,195.7599945068359,1397.0,2.177999973297119,133.99771118164062,39.147560119628906,72.83746337890625,46.06800079345703,108.28416442871094
2019-07-09,49.31003189086914,304.20001220703125,1988.300048828125,12573.8125,199.2100067138672,1397.5,2.194999933242798,133.50851440429688,39.172462463378906,72.76142883300781,46.012001037597656,109.08502197265624
2019-07-10,49.797630310058594,306.9800109863281,2017.4100341796875,12156.5126953125,202.72999572753903,1410.0999755859375,2.130000114440918,134.8684844970703,39.85725402832031,70.67981719970703,47.78400039672851,109.89529418945312
2019-07-11,49.43499755859375,307.6000061035156,2001.0699462890625,11358.662109375,201.22999572753903,1404.300048828125,2.0980000495910645,135.4065704345703,41.40612030029297,70.06199645996094,47.720001220703125,109.97067260742188
2019-07-12,49.81478500366211,309.4200134277344,2011.0,11815.986328125,204.8699951171875,1409.9000244140625,2.0899999141693115,135.89573669433594,41.73731231689453,71.19310760498047,49.01599884033203,111.4781494140625
2019-07-15,50.282806396484375,308.760009765625,2020.989990234375,10895.08984375,203.91000366210935,1411.4000244140625,2.0850000381469727,135.89573669433594,41.65264892578125,71.69686889648438,50.70000076293945,112.91024017333984
2019-07-16,50.10882568359375,305.70001220703125,2009.9000244140625,9477.6416015625,203.83999633789065,1409.199951171875,2.1029999256134033,134.11509704589844,41.6053352355957,71.92498016357422,50.47600173950195,111.81732177734376
2019-07-17,49.82704544067383,309.3900146484375,1992.030029296875,9693.802734375,201.8000030517578,1421.300048828125,2.072999954223633,133.32264709472656,42.26024627685547,72.01052856445312,50.97200012207031,110.40406036376952
2019-07-18,50.393062591552734,310.0799865722656,1977.9000244140625,10666.482421875,200.77999877929688,1426.0999755859375,2.013000011444092,133.46939086914062,42.37728500366211,70.68933868408203,50.70800018310547,111.71368408203124
2019-07-19,49.64081573486328,306.8699951171875,1964.52001953125,10530.732421875,198.36000061035156,1425.0999755859375,2.013000011444092,133.6650390625,41.94400405883789,71.28813934326172,51.63600158691406,110.4794464111328
2019-07-22,50.77530670166016,308.54998779296875,1985.6300048828125,10343.1064453125,202.32000732421875,1425.300048828125,2.0250000953674316,135.43588256835938,42.661155700683594,72.19111633300781,51.13600158691406,111.34624481201172
2019-07-23,51.17226028442383,307.8800048828125,1994.489990234375,9900.767578125,202.36000061035156,1420.0999755859375,2.0329999923706055,136.27731323242188,43.74187469482422,70.45169830322266,52.03400039672851,113.126953125
2019-07-24,51.13059997558594,310.2699890136719,2000.81005859375,9811.92578125,204.66000366210935,1422.800048828125,2.0399999618530273,137.67637634277344,44.48892593383789,72.11508178710938,52.97600173950195,121.5405731201172
2019-07-25,50.7263069152832,308.7300109863281,1973.8199462890625,9911.841796875,200.7100067138672,1413.9000244140625,2.059999942779541,137.1578369140625,43.17412185668945,71.62081146240234,45.76399993896485,119.98597717285156
2019-07-26,50.90272521972656,311.2699890136719,1943.050048828125,9870.3037109375,199.75,1418.5,2.062999963760376,138.282958984375,43.59496307373047,71.49725341796875,45.608001708984375,120.74915313720705
2019-07-29,51.37807846069336,307.2200012207031,1912.449951171875,9519.1455078125,195.94000244140625,1419.5999755859375,2.049999952316284,137.9796905517578,43.532711029052734,71.25962829589844,47.15399932861328,122.45447540283205
2019-07-30,51.157562255859375,303.6400146484375,1898.530029296875,9607.423828125,197.0399932861328,1429.699951171875,2.0399999618530273,137.31439208984375,43.689579010009766,71.1075439453125,48.45199966430664,121.82894134521484
2019-07-31,52.201385498046875,298.8599853515625,1866.780029296875,10085.6279296875,194.22999572753903,1426.0999755859375,2.0299999713897705,133.32264709472656,42.01371765136719,69.5392074584961,48.321998596191406,118.4832534790039
2019-08-01,51.07179260253906,298.44000244140625,1855.3199462890625,10399.6689453125,192.72999572753903,1420.9000244140625,2.0299999713897705,135.0738983154297,41.06747055053711,67.67620086669922,46.77000045776367,117.00469207763672
2019-08-02,49.991214752197266,293.7099914550781,1823.239990234375,10518.1748046875,189.02000427246097,1445.5999755859375,2.0,133.93899536132812,40.138641357421875,67.6286849975586,46.86800003051758,115.45978546142578
2019-08-05,47.37428665161133,280.3599853515625,1765.1300048828125,11805.6533203125,181.72999572753903,1464.5999755859375,1.9529999494552612,129.35044860839844,37.54888916015625,65.3949966430664,45.66400146484375,110.82510375976562
2019-08-06,48.27109146118164,286.2099914550781,1787.8299560546875,11478.1689453125,184.5099945068359,1472.4000244140625,1.9950000047683716,131.7768096923828,37.937355041503906,64.7961654663086,46.150001525878906,112.78702545166016
2019-08-07,48.770957946777344,289.0199890136719,1793.4000244140625,11941.96875,185.1499938964844,1507.300048828125,1.968000054359436,132.35400390625,38.320831298828125,65.96529388427734,46.68399810791016,114.41722869873048
2019-08-08,49.846641540527344,297.7799987792969,1832.8900146484375,11966.4072265625,190.16000366210935,1497.699951171875,1.9700000286102295,135.88595581054688,39.40902328491211,67.73324584960938,47.65999984741211,117.81979370117188
2019-08-09,49.43588638305664,294.8299865722656,1807.5799560546875,11862.9365234375,187.8500061035156,1496.5999755859375,1.950000047683716,134.73150634765625,38.39305114746094,67.96137237548828,47.00199890136719,114.3129653930664
2019-08-12,49.31044387817383,288.6499938964844,1784.9200439453125,11382.6162109375,185.3699951171875,1505.300048828125,1.9279999732971191,132.85299682617188,37.713233947753906,66.34550476074219,45.801998138427734,113.81063842773438
2019-08-13,51.39866638183594,293.1700134277344,1824.3399658203125,10895.830078125,188.4499969482422,1502.199951171875,1.955000042915344,135.6022491455078,38.85870742797851,68.60770416259766,47.0,116.9004364013672
2019-08-14,49.868778228759766,283.6600036621094,1762.9599609375,10051.7041015625,179.7100067138672,1515.9000244140625,1.9079999923706057,131.51866149902344,37.369598388671875,67.37203979492188,43.92399978637695,114.3034896850586
2019-08-15,49.620357513427734,282.7099914550781,1776.1199951171875,10311.5458984375,182.58999633789065,1519.5999755859375,1.843000054359436,131.2241668701172,37.0458869934082,67.63819122314453,43.12799835205078,113.59264373779295
2019-08-16,50.7911376953125,287.45001220703125,1792.5699462890625,10374.3388671875,183.6999969482422,1512.5,1.8229999542236328,133.62916564941406,39.73274230957031,69.65326690673828,43.987998962402344,116.40758514404295
2019-08-19,51.738094329833984,287.9700012207031,1816.1199951171875,10916.0537109375,186.1699981689453,1500.4000244140625,1.8530000448226929,135.86729431152344,42.52669143676758,71.16458129882812,45.36600112915039,118.09464263916016
2019-08-20,51.74055480957031,285.7099914550781,1801.3800048828125,10763.232421875,183.80999755859375,1504.5999755859375,1.899999976158142,134.73841857910156,41.802059173583984,72.30519104003906,45.172000885009766,117.81979370117188
2019-08-21,52.30134582519531,291.5299987792969,1823.5400390625,10138.0498046875,183.5500030517578,1504.5999755859375,1.9279999732971191,136.24029541015625,42.63874816894531,72.90400695800781,44.16600036621094,119.45946502685548
2019-08-22,52.25707244873047,287.69000244140625,1804.6600341796875,10131.0556640625,182.0399932861328,1497.300048828125,1.937999963760376,135.24884033203125,42.70099639892578,73.33173370361328,44.43000030517578,118.67281341552734
2019-08-23,49.84172439575195,282.44000244140625,1749.6199951171875,10407.96484375,177.75,1526.5999755859375,1.909999966621399,130.93948364257812,40.44990921020508,69.88138580322266,42.279998779296875,114.00968170166016
2019-08-26,50.78867721557617,288.739990234375,1768.8699951171875,10370.8203125,180.36000061035156,1526.300048828125,1.9329999685287476,132.96165466308594,41.19944381713867,69.30157470703125,43.0,115.31761932373048
2019-08-27,50.21558380126953,289.45001220703125,1761.8299560546875,10185.5,181.3000030517578,1541.0,1.9429999589920044,133.24632263183594,40.29054260253906,70.30912780761719,42.81600189208984,115.8010025024414
2019-08-28,50.55255126953125,282.1300048828125,1764.25,9754.4228515625,181.7599945068359,1537.800048828125,1.940000057220459,133.06961059570312,40.185848236083984,70.6703109741211,43.11800003051758,116.3317642211914
2019-08-29,51.408504486083984,286.6300048828125,1786.4000244140625,9510.2001953125,185.57000732421875,1526.5,1.940000057220459,135.58258056640625,41.62657928466797,72.6663818359375,44.34199905395508,117.1184310913086
2019-08-30,51.34209060668945,284.510009765625,1776.2900390625,9598.173828125,185.6699981689453,1519.0999755859375,1.9329999685287476,135.32737731933594,41.753700256347656,73.92105102539062,45.12200164794922,117.2890396118164
2019-09-03,50.59436798095703,282.45001220703125,1789.8399658203125,10623.5400390625,182.38999938964844,1545.9000244140625,1.909999966621399,133.54080200195312,40.921173095703125,71.40219116210938,45.00199890136719,115.38395690917967
2019-09-04,51.45277404785156,284.6000061035156,1800.6199951171875,10594.4931640625,187.13999938964844,1550.300048828125,1.9049999713897705,135.10159301757812,42.06527328491211,73.27471160888672,44.13600158691406,118.0851821899414
2019-09-05,52.45875549316406,287.75,1840.719970703125,10575.533203125,190.8999938964844,1515.4000244140625,1.919999957084656,137.47715759277344,44.80216217041016,75.08065795898438,45.91600036621094,120.18926239013672
2019-09-06,52.45383834838867,284.94000244140625,1833.510009765625,10353.302734375,187.4900054931641,1506.199951171875,1.909999966621399,136.54458618164062,44.53046798706055,74.93809509277344,45.4900016784668,120.45464324951172
2019-09-09,52.67766571044922,279.29998779296875,1831.3499755859375,10334.974609375,188.7599945068359,1502.199951171875,1.9079999923706057,134.99363708496094,44.99160385131836,74.33927917480469,46.358001708984375,120.46412658691406
2019-09-10,53.29994201660156,276.1400146484375,1820.550048828125,10115.9755859375,186.1699981689453,1490.300048828125,1.912999987602234,133.580078125,45.65961837768555,74.81452941894531,47.108001708984375,120.40725708007812
2019-09-11,54.99462127685547,277.7799987792969,1822.989990234375,10178.3720703125,188.4900054931641,1494.4000244140625,1.912999987602234,133.61932373046875,45.94627380371094,76.54861450195312,49.41999816894531,121.86685943603516
2019-09-12,54.871639251708984,278.0199890136719,1843.550048828125,10410.126953125,187.47000122070312,1498.699951171875,1.8949999809265137,134.99363708496094,45.93131637573242,75.76300048828125,49.17399978637695,123.42123413085938
2019-09-13,53.80416488647461,278.3500061035156,1839.3399658203125,10360.546875,187.19000244140625,1490.9000244140625,1.899999976158142,134.79730224609375,45.35054016113281,75.12110900878906,49.040000915527344,122.84307861328124
2019-09-16,54.08702850341797,282.92999267578125,1807.8399658203125,10276.7939453125,186.22000122070312,1503.0999755859375,1.9450000524520872,133.8254852294922,44.919315338134766,74.7666244506836,48.5620002746582,121.65834045410156
2019-09-17,54.28379821777344,284.69000244140625,1822.550048828125,10241.2724609375,188.0800018310547,1505.0999755859375,1.937999963760376,134.86599731445312,45.13368225097656,75.38935852050781,48.95800018310547,122.79566955566406
2019-09-18,54.792930603027344,279.7200012207031,1817.4599609375,10198.248046875,188.13999938964844,1507.5,1.8799999952316284,135.97525024414062,44.86198043823242,75.5905532836914,48.698001861572266,122.5587387084961
2019-09-19,54.347747802734375,281.260009765625,1821.5,10266.4150390625,190.13999938964844,1498.4000244140625,1.8830000162124632,138.47840881347656,44.10422897338867,74.94865417480469,49.31999969482422,122.1038055419922
2019-09-20,53.55328750610352,277.9100036621094,1794.1600341796875,10181.6416015625,189.92999267578125,1507.300048828125,1.850000023841858,136.8783416748047,43.04487228393555,73.23373413085938,48.124000549316406,120.05658721923828
2019-09-23,53.79678726196289,277.44000244140625,1785.300048828125,9729.32421875,186.82000732421875,1523.699951171875,1.8450000286102295,136.5838623046875,43.580787658691406,74.00017547607422,48.24599838256836,121.09915161132812
2019-09-24,53.540985107421875,272.4700012207031,1741.6099853515625,8620.56640625,181.27999877929688,1532.0999755859375,1.8799999952316284,134.85621643066406,43.0049934387207,72.07449340820312,44.641998291015625,119.2414779663086
2019-09-25,54.364967346191406,277.42999267578125,1768.3299560546875,8486.9931640625,182.8000030517578,1504.5999755859375,1.8450000286102295,136.79981994628906,44.42578125,74.01935577392578,45.7400016784668,121.0707015991211
2019-09-26,54.08456802368164,283.80999755859375,1739.8399658203125,8118.9677734375,180.11000061035156,1507.5,1.7699999809265137,136.97650146484375,44.20393753051758,74.1055679321289,48.512001037597656,121.42140197753906
2019-09-27,53.82139205932617,277.5400085449219,1725.449951171875,8251.845703125,177.10000610351562,1499.0999755859375,1.7300000190734863,135.1997528076172,42.81306076049805,73.41575622558594,48.42599868774414,120.50202941894533
2019-09-30,55.08809280395508,276.25,1735.9100341796875,8293.8681640625,178.0800018310547,1465.699951171875,1.7699999809265137,136.4758758544922,43.388858795166016,73.08043670654297,48.17399978637695,122.49240112304688
2019-10-01,55.2405891418457,272.7099914550781,1735.6500244140625,8343.2763671875,175.80999755859375,1482.0,1.753000020980835,134.55191040039062,43.37140274047851,72.30442810058594,48.9379997253418,121.87633514404295
2019-10-02,53.85581970214844,266.6600036621094,1713.22998046875,8393.0419921875,174.60000610351562,1501.0,1.7350000143051147,132.17633056640625,43.13211441040039,70.88650512695312,48.625999450683594,120.21769714355467
2019-10-03,54.31331253051758,272.3999938964844,1724.4200439453125,8259.9921875,179.3800048828125,1507.0999755859375,1.6649999618530271,133.7764129638672,45.19350051879883,72.55352020263672,46.60599899291992,121.98058319091795
2019-10-04,55.835811614990234,276.9599914550781,1739.6500244140625,8205.939453125,180.4499969482422,1506.199951171875,1.6549999713897705,135.58258056640625,45.35801696777344,74.23970031738281,46.2859992980957,123.3454132080078
2019-10-07,55.84811782836914,276.8999938964844,1732.6600341796875,8245.623046875,179.67999267578125,1497.699951171875,1.6729999780654907,134.60096740722656,45.94627380371094,73.13793182373047,47.54399871826172,122.12276458740234
2019-10-08,55.19385528564453,270.8299865722656,1705.510009765625,8228.783203125,177.75,1497.199951171875,1.6549999713897705,133.1776123046875,44.176517486572266,69.79431915283203,48.0099983215332,118.4548110961914
2019-10-09,55.84073257446289,274.2699890136719,1721.989990234375,8595.740234375,179.85000610351562,1506.0999755859375,1.628000020980835,135.70040893554688,45.043949127197266,71.23139953613281,48.90599822998047,120.786376953125
2019-10-10,56.593379974365234,274.9800109863281,1720.260009765625,8586.4736328125,180.02999877929688,1494.800048828125,1.6330000162124634,136.54458618164062,45.62223052978515,71.82539367675781,48.948001861572266,121.0612335205078
2019-10-11,58.09866714477539,278.2900085449219,1731.9200439453125,8321.7568359375,184.19000244140625,1482.699951171875,1.6230000257492063,137.1139373779297,46.36004257202149,73.48283386230469,49.577999114990234,123.29800415039062
2019-10-14,58.01502990722656,277.7799987792969,1736.4300537109375,8374.6865234375,183.27999877929688,1491.699951171875,1.618000030517578,136.98631286621094,46.49464416503906,73.09960174560547,51.391998291015625,122.97576904296876
2019-10-15,57.8797607421875,279.3900146484375,1767.3800048828125,8205.369140625,188.88999938964844,1477.5999755859375,1.618000030517578,138.96923828125,48.94736862182617,74.55585479736328,51.577999114990234,124.81448364257812
2019-10-16,57.646095275878906,272.70001220703125,1777.4300537109375,8047.52685546875,189.5500030517578,1488.0,1.6150000095367432,137.83053588867188,48.40896987915039,74.94865417480469,51.95000076293945,122.73882293701172
2019-10-17,57.86991500854492,269.239990234375,1787.47998046875,8103.9111328125,190.38999938964844,1492.300048828125,1.625,137.12376403808594,48.42890930175781,75.65762329101562,52.39400100708008,123.3359375
2019-10-18,58.14786529541016,265.5199890136719,1757.510009765625,7973.20751953125,185.8500061035156,1488.199951171875,1.625,134.88563537597656,47.481719970703125,74.42172241210938,51.38999938964844,122.70092010498048
2019-10-21,59.15630340576172,266.8399963378906,1785.6600341796875,8243.720703125,189.7599945068359,1482.4000244140625,1.625,135.88690185546875,48.85763931274414,75.66720581054688,50.70000076293945,124.09414672851562
2019-10-22,59.02102279663086,261.0899963378906,1765.72998046875,8078.203125,182.33999633789065,1481.699951171875,1.6150000095367432,133.86476135253906,48.7579345703125,75.17859649658203,51.11600112915039,121.85738372802734
2019-10-23,59.81302261352539,261.32000732421875,1762.1700439453125,7514.671875,186.1499938964844,1489.9000244140625,1.6150000095367432,134.7187957763672,48.628318786621094,74.00017547607422,50.93600082397461,112.73963165283205
2019-10-24,59.91140365600586,269.70001220703125,1780.780029296875,7493.48876953125,186.3800048828125,1498.9000244140625,1.6230000257492063,137.36917114257812,49.06950759887695,75.67676544189453,59.93600082397461,112.22784423828124
2019-10-25,60.6492919921875,270.9800109863281,1761.3299560546875,8660.7001953125,187.88999938964844,1499.5,1.625,138.1446533203125,50.98383712768555,76.80726623535156,65.6259994506836,114.21820068359376
2019-10-28,61.25681686401367,271.3500061035156,1777.0799560546875,9256.1484375,189.3999938964844,1490.0,1.6050000190734863,141.54110717773438,51.544673919677734,79.56647491455078,65.54199981689453,113.73482513427734
2019-10-29,59.84008026123047,271.45001220703125,1762.7099609375,9427.6875,189.30999755859375,1487.0,1.5950000286102295,140.20606994628906,50.58002853393555,78.23477935791016,63.24399948120117,114.00968170166016
2019-10-31,61.18548583984375,277.92999267578125,1776.6600341796875,9199.5849609375,191.6499938964844,1511.4000244140625,1.4980000257492063,140.7361297607422,50.106441497802734,77.06595611572266,62.98400115966797,112.67276000976562
2019-11-01,62.92198181152344,277.82000732421875,1791.43994140625,9261.1044921875,193.6199951171875,1508.0,1.4850000143051147,141.07974243164062,50.497772216796875,80.07425689697266,62.6619987487793,112.72052001953124
2019-11-04,63.3351936340332,277.5,1804.6600341796875,9412.6123046875,194.72000122070312,1508.0,1.503000020980835,141.8944854736328,52.46942901611328,81.52090454101562,63.49399948120117,115.51847076416016
2019-11-05,63.24419403076172,289.2900085449219,1801.7099609375,9342.52734375,194.32000732421875,1480.800048828125,1.5180000066757202,141.80615234375,52.24759292602539,81.8753890991211,63.444000244140625,114.45849609375
2019-11-06,63.27124786376953,287.3999938964844,1795.77001953125,9360.8798828125,191.5500030517578,1490.199951171875,1.5149999856948853,141.41346740722656,51.754051208496094,81.08020782470703,65.31600189208984,114.93596649169922
2019-11-07,64.00148010253906,290.7699890136719,1788.199951171875,9267.5615234375,190.4199981689453,1464.199951171875,1.5180000066757202,141.60980224609375,51.9310302734375,86.205810546875,67.10800170898438,114.51578521728516
2019-11-08,64.1766357421875,292.4599914550781,1785.8800048828125,8804.880859375,190.83999633789065,1461.300048828125,1.5099999904632568,143.27859497070312,51.79143905639648,90.08592987060548,67.4280014038086,114.69722747802734
2019-11-11,64.6848373413086,290.2699890136719,1771.6500244140625,8757.7880859375,189.61000061035156,1455.5,1.5130000114440918,143.42579650878906,51.89113998413086,87.98778533935547,69.01799774169922,112.75872039794922
2019-11-12,64.62561798095703,291.7200012207031,1778.0,8815.662109375,194.47000122070312,1452.0999755859375,1.5329999923706057,144.36819458007812,52.24759292602539,87.15426635742188,69.98600006103516,113.65634155273438
2019-11-13,65.24484252929688,293.5400085449219,1753.1099853515625,8808.2626953125,193.19000244140625,1461.699951171875,1.534999966621399,144.60379028320312,51.98836135864258,86.67524719238281,69.22200012207031,113.08338928222656
2019-11-14,64.79338836669922,294.5299987792969,1754.5999755859375,8708.0947265625,193.1499938964844,1471.800048828125,1.527999997138977,145.33998107910156,52.29245376586914,86.6848373413086,69.87000274658203,112.27169799804688
2019-11-15,65.56309509277344,297.5,1739.489990234375,8491.9921875,195.1000061035156,1467.300048828125,1.527999997138977,147.21490478515625,50.8965950012207,87.00099182128906,70.43399810791016,112.68231201171876
2019-11-18,65.89366912841797,297.1600036621094,1752.530029296875,8309.2861328125,197.3999938964844,1470.9000244140625,1.5230000019073486,147.578125,52.91311264038086,86.6848373413086,69.99800109863281,112.57727813720705
2019-11-19,65.69384002685547,300.6000061035156,1752.7900390625,8206.1455078125,199.32000732421875,1473.300048828125,1.524999976158142,147.627197265625,51.843788146972656,84.2705307006836,71.90399932861328,112.52952575683594
2019-11-20,64.92906951904297,300.1000061035156,1745.530029296875,8027.26806640625,197.5099945068359,1473.300048828125,1.5199999809265137,147.37107849121094,52.6389274597168,82.02867889404297,70.44400024414062,110.9920883178711
2019-11-21,64.63796997070312,298.79998779296875,1734.7099609375,7642.75,197.92999267578125,1463.0999755859375,1.5299999713897705,147.2332000732422,52.38966751098633,81.54006958007812,70.96600341796875,110.86793518066406
2019-11-22,64.58121490478516,299.29998779296875,1745.719970703125,7296.57763671875,198.82000732421875,1463.0999755859375,1.5429999828338623,147.341552734375,52.56664276123047,81.32929229736328,66.60800170898438,111.73692321777344
2019-11-25,65.71356964111328,305.2799987792969,1773.8399658203125,7146.1337890625,199.7899932861328,1456.5999755859375,1.5449999570846558,148.95689392089844,55.13902282714844,81.7125244140625,67.26799774169922,113.64679718017578
2019-11-26,65.20044708251953,307.8999938964844,1796.93994140625,7218.37109375,198.97000122070312,1459.800048828125,1.565000057220459,149.744873046875,54.089630126953125,81.08020782470703,65.78399658203125,113.76139068603516
2019-11-27,66.07623291015625,309.05999755859375,1818.510009765625,7531.66357421875,202.0,1453.4000244140625,1.565000057220459,150.030517578125,54.43885040283203,81.24308776855469,66.25800323486328,116.24421691894533
2019-12-02,65.16836547851562,302.75,1781.5999755859375,7321.98828125,199.6999969482422,1462.300048828125,1.537999987602234,147.30213928222656,52.19634246826172,78.99164581298828,66.9739990234375,113.4367218017578
2019-12-03,64.00641632080078,303.9100036621094,1769.9599609375,7320.1455078125,198.82000732421875,1478.199951171875,1.537999987602234,147.0657501220703,51.79972076416016,77.2000961303711,67.23999786376953,112.4435806274414
2019-12-04,64.57135009765625,302.510009765625,1760.68994140625,7252.03466796875,198.7100067138672,1474.0,1.4980000257492063,147.59762573242188,52.23874282836914,79.24691772460938,66.60600280761719,114.8595733642578
2019-12-05,65.51866149902344,303.0299987792969,1740.47998046875,7448.3076171875,199.36000061035156,1476.9000244140625,1.493000030517578,147.67645263671875,52.069129943847656,79.73931121826172,66.0739974975586,115.2988510131836
2019-12-06,66.78425598144531,306.2300109863281,1751.5999755859375,7546.99658203125,201.0500030517578,1459.0999755859375,1.4800000190734863,149.46910095214844,52.92471694946289,80.92684173583984,67.1780014038086,116.85538482666016
2019-12-09,65.8492660522461,307.04998779296875,1749.510009765625,7400.8994140625,201.33999633789065,1459.300048828125,1.4980000257492063,149.08494567871094,52.92471694946289,81.98888397216797,67.90599822998047,116.50204467773438
2019-12-10,66.2341079711914,304.1700134277344,1739.2099609375,7278.11962890625,200.8699951171875,1462.5999755859375,1.5149999856948853,148.85841369628906,53.3762092590332,81.21650695800781,69.76799774169922,115.90044403076172
2019-12-11,66.79905700683594,303.739990234375,1748.719970703125,7217.42724609375,202.2599945068359,1469.4000244140625,1.5199999809265137,149.41983032226562,54.2143440246582,83.98743438720703,70.54000091552734,118.14453887939452
2019-12-12,66.96929168701172,305.9599914550781,1760.3299560546875,7243.13427734375,196.75,1466.699951171875,1.5299999713897705,150.9366912841797,55.89311218261719,85.9763412475586,71.93599700927734,120.38864135742188
2019-12-13,67.87960052490234,317.94000244140625,1760.93994140625,7269.6845703125,194.11000061035156,1475.5999755859375,1.5230000019073486,152.20729064941406,55.87316131591797,84.7984390258789,71.6780014038086,120.93295288085938
2019-12-16,69.04155731201172,323.79998779296875,1769.2099609375,6932.48046875,197.9199981689453,1475.0,1.524999976158142,153.1922607421875,56.16250991821289,85.37773895263672,76.30000305175781,121.34358215332033
2019-12-17,69.17726135253906,322.8500061035156,1790.6600341796875,6640.51513671875,198.38999938964844,1474.5999755859375,1.5299999713897705,152.36488342285156,56.94576644897461,85.27153778076172,75.7979965209961,121.3626708984375
2019-12-18,69.01195526123047,324.3800048828125,1784.030029296875,7276.802734375,202.5,1472.5999755859375,1.5180000066757202,152.04969787597656,57.250091552734375,84.9432601928711,78.62999725341797,120.6560287475586
2019-12-19,69.08103942871094,327.6300048828125,1792.280029296875,7202.84423828125,206.05999755859375,1478.199951171875,1.5329999923706057,153.36956787109375,58.73428726196289,85.43565368652344,80.80799865722656,120.70377349853516
2019-12-20,68.93795013427734,327.6099853515625,1786.5,7218.81640625,206.3000030517578,1474.699951171875,1.527999997138977,155.04403686523438,59.70962142944336,85.78323364257812,81.11799621582031,123.13884735107422
2019-12-23,70.06290435791016,328.95001220703125,1793.0,7355.62841796875,206.17999267578125,1482.5,1.5199999809265137,155.04403686523438,59.572418212890625,85.39704895019531,83.84400177001953,122.75688934326172
2019-12-26,71.52090454101562,331.20001220703125,1868.77001953125,7238.966796875,207.7899932861328,1509.300048828125,1.534999966621399,156.28506469726562,59.66471862792969,85.34877014160156,86.18800354003906,122.69002532958984
2019-12-27,71.49375915527344,330.7900085449219,1869.800048828125,7290.08837890625,208.1000061035156,1513.800048828125,1.5180000066757202,156.57070922851562,59.08600616455078,85.73497772216797,86.07599639892578,122.77598571777344
2019-12-30,71.91808319091797,328.3399963378906,1846.8900146484375,7292.9951171875,204.41000366210935,1514.5,1.4900000095367432,155.2213134765625,57.95103454589844,85.37773895263672,82.94000244140625,121.90699005126952
2019-12-31,72.44355773925781,329.80999755859375,1847.8399658203125,7193.59912109375,205.25,1519.5,1.5049999952316284,155.3296356201172,58.694374084472656,85.18463897705078,83.66600036621094,122.50858306884766
2020-01-02,74.09644317626953,334.42999267578125,1898.010009765625,6985.47021484375,209.77999877929688,1524.5,1.4950000047683716,158.2057647705078,59.84432220458984,85.62876892089844,86.052001953125,123.7309112548828
2020-01-03,73.37608337402344,331.80999755859375,1874.969970703125,7344.88427734375,208.6699981689453,1549.199951171875,1.4730000495910645,156.23582458496094,58.886451721191406,84.01639556884766,88.60199737548828,122.08841705322266
2020-01-06,73.96076965332031,333.7099914550781,1902.8800048828125,7769.21923828125,212.6000061035156,1566.199951171875,1.4880000352859497,156.6396942138672,59.133399963378906,83.52400207519531,90.30799865722656,121.238525390625
2020-01-07,73.61293029785156,333.3900146484375,1906.8599853515625,8163.6923828125,213.05999755859375,1571.800048828125,1.5,155.21145629882812,59.849308013916016,85.89910125732422,93.81199645996094,123.57811737060548
2020-01-08,74.79708099365234,337.8699951171875,1891.969970703125,8079.86279296875,215.22000122070312,1557.4000244140625,1.493000030517578,157.68373107910156,59.9615592956543,85.6480712890625,98.4280014038086,123.91234588623048
2020-01-09,76.38583374023438,340.45001220703125,1901.050048828125,7879.0712890625,218.3000030517578,1551.699951171875,1.5,159.6536407470703,60.620094299316406,86.80664825439453,96.26799774169922,125.41159057617188
2020-01-10,76.55851745605469,339.80999755859375,1883.1600341796875,8166.55419921875,218.05999755859375,1557.5,1.4980000257492063,158.91493225097656,60.944374084472656,87.14456939697266,95.62999725341795,124.14154815673828
2020-01-13,78.19414520263672,345.6300048828125,1891.300048828125,8144.1943359375,221.91000366210935,1548.4000244140625,1.5099999904632568,160.82577514648438,62.85511779785156,87.8300552368164,104.97200012207033,124.09378051757812
2020-01-14,77.13825988769531,344.6300048828125,1869.43994140625,8827.7646484375,219.05999755859375,1542.4000244140625,1.5299999713897705,159.69305419921875,61.6827278137207,87.43421173095703,107.58399963378906,124.7813491821289
2020-01-15,76.80770111083984,342.94000244140625,1862.02001953125,8807.0107421875,221.1499938964844,1552.0999755859375,1.5080000162124634,160.72726440429688,61.25617980957031,86.57493591308594,103.6999969482422,123.34893035888672
2020-01-16,77.76982116699219,345.3800048828125,1877.93994140625,8723.7861328125,221.77000427246097,1549.0,1.5180000066757202,163.67234802246094,62.09430313110352,88.62177276611328,102.697998046875,124.29432678222656
2020-01-17,78.63081359863281,349.739990234375,1864.719970703125,8929.0380859375,222.13999938964844,1558.800048828125,1.5230000019073486,164.58837890625,62.181617736816406,92.59955596923828,102.0999984741211,125.76492309570312
2020-01-21,78.09793853759766,350.0,1892.0,8745.89453125,221.44000244140625,1556.4000244140625,1.503000020980835,163.99737548828125,61.84735870361328,91.27684783935548,109.44000244140624,124.9627914428711
2020-01-22,78.37671661376953,350.05999755859375,1887.4599609375,8680.8759765625,221.32000732421875,1555.300048828125,1.5130000114440918,163.20941162109375,62.38865280151367,89.76103210449219,113.91200256347656,127.3310089111328
2020-01-23,78.75415802001953,351.760009765625,1884.5799560546875,8406.515625,219.7599945068359,1564.5999755859375,1.5149999856948853,164.21408081054688,63.07462692260742,88.82450866699219,114.44000244140624,128.1999969482422
2020-01-24,78.5271987915039,351.3699951171875,1861.6400146484375,8445.4345703125,217.94000244140625,1571.0999755859375,1.4900000095367432,162.559326171875,62.48094940185547,86.55562591552734,112.96399688720705,124.63809967041016
2020-01-27,76.21807861328125,346.8999938964844,1828.3399658203125,8909.8193359375,214.8699951171875,1576.800048828125,1.5049999952316284,159.84080505371094,59.91665267944336,84.04537200927734,111.60399627685548,120.6178207397461
2020-01-28,78.37423706054688,354.6300048828125,1853.25,9358.58984375,217.7899932861328,1569.199951171875,1.5299999713897705,162.97303771972656,61.8548469543457,86.0728759765625,113.37999725341795,122.26985168457033
2020-01-29,80.01480102539062,351.6600036621094,1858.0,9316.6298828125,223.22999572753903,1569.800048828125,1.5199999809265137,165.51422119140625,61.24869155883789,85.18463897705078,116.197998046875,119.83478546142578
2020-01-30,79.89884948730469,356.739990234375,1870.6800537109375,9508.9931640625,209.52999877929688,1583.5,1.527999997138977,170.18299865722656,61.3160400390625,84.75016784667969,128.16200256347656,119.67124938964844
2020-01-31,76.3562240600586,351.1400146484375,2008.719970703125,9350.529296875,201.91000366210935,1582.9000244140625,1.5099999904632568,167.6713104248047,58.97624969482422,82.36542510986328,130.11399841308594,116.04515838623048
2020-02-03,76.14654541015625,358.0,2004.199951171875,9293.521484375,204.19000244140625,1577.199951171875,1.5180000066757202,171.75894165039062,59.9490852355957,83.49504852294922,156.0,118.69020080566406
2020-02-04,78.66041564941406,366.739990234375,2049.669921875,9180.962890625,209.8300018310547,1550.4000244140625,1.537999987602234,177.41265869140625,61.64531326293945,85.86048889160156,177.41200256347656,121.6430206298828
2020-02-05,79.30182647705078,365.5499877929687,2039.8699951171875,9613.423828125,210.11000061035156,1557.800048828125,1.5199999809265137,177.1959686279297,62.55079650878906,87.77214813232422,146.94000244140625,127.38516235351562
2020-02-06,80.22943115234375,367.4599914550781,2050.22998046875,9729.8017578125,210.8500061035156,1565.0999755859375,1.5299999713897705,180.8698883056641,63.421356201171875,87.48249053955078,149.79200744628906,127.4621124267578
2020-02-07,79.13890075683594,366.0899963378906,2079.280029296875,9795.943359375,212.3300018310547,1568.5999755859375,1.5180000066757202,181.12600708007812,62.757835388183594,84.40259552001953,149.61399841308594,123.78790283203124
2020-02-10,79.5147705078125,370.0,2133.909912109375,9856.611328125,213.05999755859375,1574.699951171875,1.5199999809265137,185.8636932373047,65.59651184082031,85.5418701171875,154.25599670410156,124.70165252685548
2020-02-11,79.03502655029297,369.2799987792969,2150.800048828125,10208.236328125,207.19000244140625,1565.5999755859375,1.537999987602234,181.6677398681641,66.82378387451172,86.89353942871094,154.87600708007812,125.7115707397461
2020-02-12,80.91194152832031,374.2900085449219,2160.0,10326.0546875,210.7599945068359,1567.4000244140625,1.534999966621399,181.9336853027344,67.98370361328125,88.5541763305664,153.45799255371094,127.36592864990234
2020-02-13,80.33575439453125,374.8399963378906,2149.8701171875,10214.3798828125,213.13999938964844,1575.0999755859375,1.5449999570846558,180.94871520996097,67.54469299316406,86.92250061035156,160.8000030517578,127.74104309082033
2020-02-14,80.35554504394531,379.6700134277344,2134.8701171875,10312.1162109375,214.17999267578125,1582.699951171875,1.534999966621399,182.5640563964844,72.28662872314453,86.5073471069336,160.00599670410156,127.1639404296875
2020-02-18,78.88419342041016,378.8500061035156,2155.669921875,10141.99609375,217.8000030517578,1600.0,1.534999966621399,184.4158172607422,73.97786712646484,84.99153900146484,171.67999267578125,126.2309799194336
2020-02-19,80.02664947509766,383.2799987792969,2170.219970703125,9633.38671875,217.4900054931641,1607.5,1.5429999828338623,184.9688720703125,78.50029754638672,87.43421173095703,183.48399353027344,128.04884338378906
2020-02-20,79.20565795898438,378.9599914550781,2153.10009765625,9608.4755859375,214.5800018310547,1616.5999755859375,1.537999987602234,182.14418029785156,77.00363159179688,86.38184356689453,179.8820037841797,126.45220947265624
2020-02-21,77.41283416748047,372.9500122070313,2095.969970703125,9686.44140625,210.17999267578125,1644.5999755859375,1.5180000066757202,176.38612365722656,73.35426330566406,84.02605438232422,180.1999969482422,123.61478424072266
2020-02-24,73.7356948852539,357.4100036621094,2009.2900390625,9650.1748046875,200.72000122070312,1672.4000244140625,1.503000020980835,168.78114318847656,68.16828918457031,80.4441146850586,166.75799560546875,116.80500030517578
2020-02-25,71.23809814453125,347.79998779296875,1972.739990234375,9341.705078125,196.77000427246097,1646.9000244140625,1.4900000095367432,165.99595642089844,65.36701965332031,77.45111846923828,159.98199462890625,113.86178588867188
2020-02-26,72.36820983886719,351.3399963378906,1979.5899658203125,8820.5224609375,197.1999969482422,1640.0,1.4780000448226929,168.0700225830078,66.763916015625,76.91043853759766,155.75999450683594,114.2561492919922
2020-02-27,67.63762664794922,337.5199890136719,1884.300048828125,8784.494140625,189.75,1640.0,1.3949999809265137,156.2279815673828,63.04745864868164,73.31884002685547,135.8000030517578,108.81216430664062
2020-02-28,67.59806060791016,345.1199951171875,1883.75,8672.455078125,192.47000122070312,1564.0999755859375,1.2300000190734863,160.01072692871094,67.40787506103516,75.5973892211914,133.59800720214844,109.78362274169922
2020-03-02,73.89148712158203,360.2799987792969,1953.949951171875,8869.669921875,196.44000244140625,1592.300048828125,1.1349999904632568,170.65769958496094,68.99528503417969,77.77937316894531,148.7239990234375,114.42926788330078
2020-03-03,71.54473876953125,348.3399963378906,1908.989990234375,8787.7861328125,185.88999938964844,1642.0999755859375,0.9179999828338624,162.47987365722656,66.36457061767578,75.84840393066406,149.1020050048828,109.46621704101562
2020-03-04,74.86331176757812,363.8500061035156,1975.8299560546875,8755.24609375,191.7599945068359,1641.0999755859375,0.675000011920929,168.4453582763672,71.01200866699219,79.60482788085938,149.89999389648438,114.5062255859375
2020-03-05,72.43497467041016,351.0299987792969,1924.030029296875,9078.7626953125,185.1699981689453,1666.4000244140625,0.5950000286102295,164.21815490722656,68.2115707397461,77.04539489746094,144.9080047607422,110.34149169921876
2020-03-06,71.47303771972656,336.7699890136719,1901.0899658203125,9122.5458984375,181.08999633789065,1670.800048828125,0.4149999916553497,159.576171875,66.40200805664062,75.39102935791016,140.6959991455078,108.84102630615234
2020-03-09,65.82007598876953,305.7900085449219,1800.6099853515625,7923.64453125,169.5,1674.5,0.3300000131130218,148.76129150390625,61.260372161865234,70.69064331054688,121.5999984741211,101.03094482421876
2020-03-10,70.560546875,332.3800048828125,1891.8199462890625,7909.7294921875,178.19000244140625,1659.0999755859375,0.3899999856948852,158.93417358398438,65.16402435302734,76.77291107177734,129.0659942626953,107.8407211303711
2020-03-11,68.10993957519531,315.2300109863281,1820.8599853515625,7911.43017578125,170.24000549316406,1641.4000244140625,0.3680000007152557,151.734130859375,61.517452239990234,72.61751556396484,126.84600067138672,102.43521881103516
2020-03-12,61.383766174316406,285.0,1676.6099853515625,4970.7880859375,154.47000122070312,1589.300048828125,0.2730000019073486,137.34393310546875,53.98969268798828,65.2214584350586,112.11000061035156,93.80757904052734
2020-03-13,68.73804473876953,335.5,1785.0,5563.70703125,170.27999877929688,1515.699951171875,0.2430000007152557,156.86996459960938,60.11223602294922,73.77556610107422,109.3239974975586,101.99278259277344
2020-03-16,59.89510726928711,286.0299987792969,1689.1500244140625,5014.47998046875,146.00999450683594,1485.9000244140625,0.1850000023841858,133.74887084960938,49.0202751159668,62.74962615966797,89.01399993896484,89.93138122558594
2020-03-17,62.5286979675293,311.80999755859375,1807.8399658203125,5225.62939453125,149.4199981689453,1524.9000244140625,0.1650000065565109,144.76129150390625,54.229305267333984,67.0120849609375,86.04000091552734,102.09857940673828
2020-03-18,60.99800109863281,294.6099853515625,1830.0,5238.4384765625,146.9600067138672,1477.300048828125,0.003000000026077,138.6674041748047,50.622676849365234,59.547908782958984,72.24400329589844,96.1833038330078
2020-03-19,60.53063201904297,307.510009765625,1880.9300537109375,6191.19287109375,153.1300048828125,1478.5999755859375,-0.0280000008642673,140.9488983154297,53.15604782104492,63.25566864013672,85.52799987792969,97.69337463378906
2020-03-20,56.68781661987305,295.3399963378906,1846.0899658203125,6198.7783203125,149.72999572753906,1484.0,-0.032999999821186,135.655029296875,51.353981018066406,59.27542495727539,85.50599670410156,93.87490844726562
2020-03-23,55.48352813720703,307.2699890136719,1902.8299560546875,6416.31494140625,148.10000610351562,1567.0,-0.0399999991059303,134.3019561767578,53.086158752441406,60.851951599121094,86.85800170898438,94.68284606933594
2020-03-24,61.0499382019043,310.0,1940.0999755859375,6734.8037109375,160.97999572753906,1660.199951171875,-0.032999999821186,146.50942993164062,62.193843841552734,63.70332336425781,101.0,101.33872985839844
2020-03-25,60.713623046875,305.9100036621094,1885.8399658203125,6681.06298828125,156.2100067138672,1632.300048828125,-0.0700000002980232,145.10694885253906,61.305294036865234,61.38718795776367,107.8499984741211,95.37537384033205
2020-03-26,63.90856170654297,322.6700134277344,1955.489990234375,6716.4404296875,163.33999633789062,1650.0999755859375,-0.1049999967217445,154.18353271484375,64.20556640625,67.12886047363281,105.63200378417967,103.64712524414062
2020-03-27,61.26259994506836,305.8299865722656,1900.0999755859375,6469.79833984375,156.7899932861328,1623.9000244140625,-0.0579999983310699,147.85263061523438,63.07990646362305,64.80299377441406,102.87200164794922,96.66423034667967
2020-03-30,63.01090621948242,318.3900146484375,1963.949951171875,6429.841796875,165.9499969482422,1622.0,0.0130000002682209,158.252685546875,66.2896957397461,67.1775131225586,100.4260025024414,98.1261978149414
2020-03-31,62.882320404052734,318.239990234375,1949.719970703125,6438.64453125,166.8000030517578,1583.4000244140625,0.0299999993294477,155.7637939453125,65.79299926757812,65.83455657958984,104.8000030517578,96.11598205566406
2020-04-01,59.573638916015625,301.2099914550781,1907.699951171875,6606.7763671875,159.60000610351562,1578.199951171875,0.0630000010132789,150.23291015625,60.66883087158203,64.13151550292969,96.31199645996094,93.19200134277344
2020-04-02,60.567726135253906,303.9599914550781,1918.8299560546875,6793.62451171875,158.19000244140625,1625.699951171875,0.0649999976158142,153.3440399169922,63.763797760009766,66.19461822509766,90.8939971923828,98.1261978149414
2020-04-03,59.6972770690918,293.6099853515625,1906.5899658203125,6733.38720703125,154.17999267578125,1633.699951171875,0.0579999983310699,151.93167114257812,60.87849044799805,63.479496002197266,96.0019989013672,96.16407012939452
2020-04-06,64.90511322021484,319.1300048828125,1997.5899658203125,7271.78125,165.5500030517578,1677.0,0.0599999986588954,163.23052978515625,66.99105072021484,69.04598999023438,103.2480010986328,104.80133056640624
2020-04-07,64.15337371826172,308.92999267578125,2011.5999755859375,7176.41455078125,168.8300018310547,1664.800048828125,0.1280000060796737,161.4724578857422,64.65235900878906,70.77822875976562,109.08999633789062,102.20438385009766
2020-04-08,65.79534912109375,317.17999267578125,2043.0,7334.0986328125,174.27999877929688,1665.4000244140625,0.1850000023841858,163.0922393798828,66.62913513183594,71.36212921142578,109.76799774169922,105.96514892578124
2020-04-09,66.27012634277344,318.70001220703125,2042.760009765625,7302.08935546875,175.19000244140625,1736.199951171875,0.209999993443489,163.1020965576172,65.63076782226562,69.65908813476562,114.5999984741211,103.57980346679688
2020-04-13,67.57086181640625,320.6499938964844,2168.8701171875,6845.03759765625,174.7899932861328,1744.800048828125,0.2000000029802322,163.46751403808594,67.35296630859375,71.33293151855469,130.19000244140625,103.56056213378906
2020-04-14,70.98339080810547,340.7699890136719,2283.320068359375,6842.427734375,178.1699981689453,1756.699951171875,0.1650000065565109,171.55645751953125,70.87223815917969,75.46887969970703,141.97799682617188,106.71536254882812
2020-04-15,70.33551025390625,332.54998779296875,2307.679931640625,6642.10986328125,176.97000122070312,1727.199951171875,0.1150000020861625,169.75892639160156,70.09600067138672,73.95073699951172,145.96600341796875,103.85872650146484
2020-04-16,70.8943862915039,342.70001220703125,2408.18994140625,7116.80419921875,176.25,1720.4000244140625,0.1099999994039535,174.85523986816406,73.55537414550781,74.78767395019531,149.04200744628906,107.13858032226562
2020-04-20,68.48087310791016,344.8800048828125,2393.610107421875,6881.95849609375,178.24000549316406,1701.5999755859375,0.0700000002980232,172.89967346191406,71.6459732055664,72.3158187866211,149.27200317382812,107.2732391357422
2020-04-21,66.3641128540039,328.989990234375,2328.1201171875,6880.3232421875,170.8000030517578,1678.199951171875,0.0979999974370002,165.74903869628906,67.26809692382812,69.91210174560547,137.343994140625,102.76223754882812
2020-04-22,68.27562713623047,336.7699890136719,2363.489990234375,7117.20751953125,182.27999877929688,1728.699951171875,0.0930000022053718,171.37869262695312,71.42134094238281,72.67589569091797,146.4219970703125,107.70606994628906
2020-04-23,68.01103210449219,335.3699951171875,2399.449951171875,7429.724609375,185.1300048828125,1733.300048828125,0.0930000022053718,169.3046112060547,70.88721466064453,71.82923889160156,141.12600708007812,106.24407196044922
2020-04-24,69.97447204589844,344.1000061035156,2410.219970703125,7550.90087890625,190.07000732421875,1723.5,0.1000000014901161,172.39598083496094,72.27994537353516,73.99939727783203,145.02999877929688,109.58163452148438
2020-04-27,70.02394104003906,348.5,2376.0,7795.60107421875,187.5,1711.9000244140625,0.0930000022053718,171.9021453857422,74.14939880371094,73.9410171508789,159.75,111.36102294921876
2020-04-28,68.88890075683594,333.45001220703125,2314.080078125,7807.05859375,182.91000366210935,1710.5,0.0850000008940696,167.71446228027344,72.72172546386719,73.26953125,153.82400512695312,109.87980651855467
2020-04-29,71.15155792236328,349.1700134277344,2372.7099609375,8801.0380859375,194.19000244140625,1703.4000244140625,0.0900000035762786,175.24041748046875,74.49384307861328,76.85077667236328,160.1020050048828,114.84284973144533
2020-04-30,72.65258026123047,353.6400146484375,2474.0,8658.5537109375,204.7100067138672,1684.199951171875,0.0900000035762786,176.9984893798828,72.95134735107422,76.5588150024414,156.37600708007812,111.63995361328124
2020-05-01,71.4829330444336,343.8399963378906,2286.0400390625,8864.7666015625,202.27000427246097,1694.5,0.0930000022053718,172.41574096679688,70.58021545410156,73.6101303100586,140.26400756835938,106.3473129272461
2020-05-04,72.49432373046875,349.1099853515625,2315.989990234375,8912.654296875,205.2599945068359,1706.9000244140625,0.0900000035762786,176.63304138183594,72.70426177978516,73.64905548095703,152.23800659179688,107.11310577392578
2020-05-05,73.58238220214844,356.1300048828125,2317.800048828125,9003.0703125,207.07000732421875,1704.4000244140625,0.1099999994039535,178.5293426513672,73.31575775146484,75.5467300415039,153.64199829101562,108.12123107910156
2020-05-06,74.34153747558594,362.5199890136719,2351.260009765625,9268.76171875,208.47000122070312,1684.199951171875,0.1080000028014183,180.28738403320312,74.32662200927734,76.75345611572266,156.51600646972656,108.9742431640625
2020-05-07,75.11060333251953,366.7799987792969,2367.610107421875,9951.5185546875,211.2599945068359,1721.800048828125,0.0949999988079071,181.3343048095703,76.09374237060547,76.71453857421875,156.00799560546875,110.1665496826172
2020-05-08,76.89836120605469,367.510009765625,2379.610107421875,9842.666015625,212.3500061035156,1709.9000244140625,0.0949999988079071,182.4009704589844,77.99815368652344,78.3980941772461,163.88400268554688,111.47517395019533
2020-05-11,78.10838317871094,371.4200134277344,2409.0,8601.7958984375,213.17999267578125,1695.300048828125,0.1049999967217445,184.43556213378903,80.52404022216797,78.32025909423828,162.25799560546875,111.35884857177734
2020-05-12,77.21574401855469,365.1000061035156,2356.949951171875,8804.4775390625,210.1000061035156,1704.4000244140625,0.1230000033974647,180.2577362060547,77.8983154296875,76.3155288696289,161.8820037841797,108.2666244506836
2020-05-13,76.2834243774414,358.55999755859375,2367.919921875,9269.9873046875,205.1000061035156,1713.9000244140625,0.1150000020861625,177.5318145751953,77.67366790771484,75.90680694580078,158.19200134277344,105.72693634033205
2020-05-14,76.7520751953125,355.3900146484375,2388.85009765625,9733.7216796875,206.80999755859375,1738.0999755859375,0.1049999967217445,178.30218505859375,80.17460632324219,77.72662353515625,160.66600036621094,106.96769714355467
2020-05-15,76.29830932617188,365.2999877929687,2409.780029296875,9328.197265625,210.8800048828125,1753.4000244140625,0.1030000001192092,180.89974975585935,84.76963806152344,73.73663330078125,159.83399963378906,104.92237091064452
2020-05-18,78.09599304199219,367.9700012207031,2426.260009765625,9726.5751953125,213.19000244140625,1731.800048828125,0.1049999967217445,182.62814331054688,87.36042785644531,77.79474639892578,162.7259979248047,110.91295623779295
2020-05-19,77.64471435546875,372.2000122070313,2449.330078125,9729.0380859375,216.8800048828125,1744.199951171875,0.1180000007152557,181.3639373779297,87.91203308105469,75.99437713623047,161.6020050048828,109.22628784179688
2020-05-21,78.56462097167969,382.1700134277344,2446.739990234375,9081.76171875,231.38999938964844,1720.5,0.1099999994039535,181.6709442138672,87.61002349853516,75.90680694580078,165.52000427246094,109.9823760986328
2020-05-22,79.0704574584961,385.260009765625,2436.8798828125,9182.5771484375,234.91000366210935,1734.5999755859375,0.1099999994039535,181.75018310546875,90.11592864990234,76.5880126953125,163.37600708007812,109.95329284667967
2020-05-26,78.53487396240234,376.6300048828125,2421.860107421875,8835.052734375,232.1999969482422,1704.800048828125,0.1180000007152557,179.82879638671875,87.03594207763672,75.92626190185547,163.7740020751953,112.18280029296876
2020-05-27,78.87703704833984,375.1700134277344,2410.389892578125,9181.017578125,229.13999938964844,1710.300048828125,0.135000005364418,180.06649780273438,85.11407470703125,77.16218566894531,164.04600524902344,114.208740234375
2020-05-28,78.91175079345703,379.8299865722656,2401.10009765625,9525.7509765625,225.4600067138672,1713.300048828125,0.1379999965429306,179.66041564941406,84.7322006225586,76.01383972167969,161.16200256347656,112.31851196289062
2020-05-29,78.83489990234375,386.6000061035156,2442.3701171875,9439.1240234375,225.08999633789065,1736.9000244140625,0.1280000060796737,181.49269104003903,88.61088562011719,78.70950317382812,167.0,115.10053253173828
2020-06-02,80.17384338378906,390.44000244140625,2472.409912109375,9529.8037109375,232.72000122070312,1725.199951171875,0.1449999958276748,183.1367645263672,88.10920715332031,82.35887908935547,176.31199645996094,118.91008758544922
2020-06-03,80.6152114868164,389.9200134277344,2478.39990234375,9656.7177734375,230.16000366210935,1697.800048828125,0.1480000019073486,183.58245849609375,87.55260467529297,82.48636627197266,176.5919952392578,123.31092834472656
2020-06-04,79.92094421386719,385.7999877929687,2460.60009765625,9800.63671875,226.2899932861328,1718.9000244140625,0.1400000005960464,181.16586303710935,87.56259155273438,84.37910461425781,172.87600708007812,124.6389389038086
2020-06-05,82.19717407226562,392.8999938964844,2483.0,9665.533203125,230.77000427246097,1676.199951171875,0.1449999958276748,185.40480041503903,89.0958023071289,86.84066772460938,177.1320037841797,127.4112777709961
2020-06-08,82.68315124511719,397.7799987792969,2524.06005859375,9771.4892578125,231.3999938964844,1698.300048828125,0.152999997138977,186.55368041992188,87.94715118408203,89.6062240600586,189.98399353027344,128.7877655029297
2020-06-09,85.29412841796875,397.1600036621094,2600.860107421875,9795.7001953125,238.6699981689453,1714.699951171875,0.1650000065565109,187.9798889160156,90.35433197021484,88.01749420166016,188.13400268554688,128.0704345703125
2020-06-10,87.48853302001953,406.8200073242187,2647.449951171875,9870.0947265625,236.72999572753903,1713.300048828125,0.1650000065565109,194.95236206054688,93.55809020996094,89.25318145751953,205.0099945068359,127.37248229980467
2020-06-11,83.28816986083984,387.6700134277344,2557.9599609375,9321.78125,224.42999267578125,1732.0,0.152999997138977,184.48373413085935,87.85975646972656,82.3980941772461,194.5679931640625,120.79061889648438
2020-06-12,84.00723266601562,406.5400085449219,2545.02001953125,9480.84375,228.5800018310547,1729.300048828125,0.1500000059604644,185.9396209716797,89.22064971923828,83.59455108642578,187.05599975585935,120.17024230957033
2020-06-15,85.04617309570312,401.3399963378906,2572.679931640625,9450.7021484375,232.5,1720.300048828125,0.1550000011920929,187.12811279296875,91.6303482055664,84.72235870361328,198.17999267578125,120.4222640991211
2020-06-16,87.30008697509766,411.6700134277344,2615.27001953125,9538.0244140625,235.6499938964844,1729.5999755859375,0.1599999964237213,191.7137451171875,90.5790786743164,87.79193115234375,196.42599487304688,122.24464416503906
2020-06-18,87.21330261230469,420.4599914550781,2653.97998046875,9411.8408203125,235.94000244140625,1724.800048828125,0.1400000005960464,194.43736267089844,92.07232666015624,88.18421173095703,200.79200744628903,122.11863708496094
2020-06-19,86.71490478515625,428.010009765625,2675.010009765625,9288.0185546875,238.7899932861328,1745.9000244140625,0.1430000066757202,193.278564453125,92.50431823730467,87.09564208984375,200.17999267578125,121.06204223632812
2020-06-22,88.98370361328125,438.6400146484375,2713.820068359375,9648.7177734375,239.22000122070312,1756.699951171875,0.1400000005960464,198.6466064453125,95.15621185302734,87.40946197509766,198.8639984130859,121.39161682128906
2020-06-23,90.8830337524414,440.5499877929687,2764.409912109375,9629.658203125,242.2400054931641,1772.0999755859375,0.1400000005960464,199.97373962402344,94.38961029052734,87.62521362304688,200.3560028076172,122.73902130126952
2020-06-24,89.27877044677734,431.6799926757813,2734.39990234375,9313.6103515625,234.02000427246097,1765.800048828125,0.135000005364418,195.9427795410156,92.2471160888672,87.41926574707031,192.1699981689453,120.18962097167967
2020-06-25,90.46399688720705,436.9500122070313,2754.580078125,9264.8134765625,235.67999267578125,1762.0999755859375,0.1299999952316284,198.41879272460935,94.78915405273438,87.24274444580078,197.1959991455078,121.22683715820312
2020-06-26,87.68441772460938,426.9200134277344,2692.8701171875,9162.91796875,216.0800018310547,1772.5,0.1330000013113021,194.44723510742188,91.4430694580078,86.32088470458984,191.947998046875,119.58863830566406
2020-06-29,89.70525360107422,424.2000122070313,2680.3798828125,9190.8544921875,220.63999938964844,1774.800048828125,0.125,196.5370178222656,91.8925323486328,87.29177856445312,201.8699951171875,120.94571685791016
2020-07-01,90.2829818725586,439.80999755859375,2878.699951171875,9228.3251953125,237.5500030517578,1773.199951171875,0.1299999952316284,202.7369842529297,95.18868255615234,88.04690551757812,223.92599487304688,120.9748077392578
2020-07-02,90.2829818725586,442.9500122070313,2890.300048828125,9123.41015625,233.4199981689453,1784.0,0.1330000013113021,204.28201293945312,96.01021575927734,90.09657287597656,241.73199462890625,121.9538345336914
2020-07-06,92.69807434082033,452.5899963378906,3057.0400390625,9375.474609375,240.27999877929688,1788.5,0.1280000060796737,208.679443359375,98.2775650024414,91.12630462646484,274.3160095214844,125.55982208251952
2020-07-09,94.96934509277344,460.8399963378906,3182.6298828125,9277.9677734375,244.5,1799.199951171875,0.1230000033974647,212.2647399902344,104.9672393798828,91.4499282836914,278.8559875488281,126.43223571777344
2020-07-10,95.1354751586914,466.2000122070313,3200.0,9278.8076171875,245.07000732421875,1798.199951171875,0.1199999973177909,211.6209716796875,104.67009735107422,90.7242202758789,308.92999267578125,126.52916717529295
2020-07-13,94.69659423828124,442.4700012207031,3104.0,9243.6142578125,239.0,1811.0,0.125,205.08425903320312,100.4050750732422,89.56700134277344,299.4119873046875,124.87159729003906
2020-07-14,96.263671875,433.7799987792969,3084.0,9243.2138671875,239.72999572753903,1810.5999755859375,0.1330000013113021,206.3519744873047,103.6487808227539,90.5967254638672,303.3599853515625,127.84748077392578
2020-07-15,96.92570495605467,433.010009765625,3008.8701171875,9192.8369140625,240.27999877929688,1811.4000244140625,0.125,206.04493713378903,102.15303802490234,90.76344299316406,309.2019958496094,128.09950256347656
2020-07-16,95.73303985595705,426.2900085449219,2999.89990234375,9132.2275390625,240.92999267578125,1798.699951171875,0.1030000001192092,201.96446228027344,101.22911071777344,89.43949890136719,300.12799072265625,128.1285858154297
2020-07-17,95.53963470458984,432.4200134277344,2961.969970703125,9151.392578125,242.02999877929688,1808.300048828125,0.1049999967217445,200.9344482421875,101.89582824707033,90.44962310791016,300.1679992675781,129.7861785888672
2020-07-20,97.55303192138672,455.2699890136719,3196.840087890625,9164.2314453125,245.4199981689453,1815.9000244140625,0.1049999967217445,209.57083129882812,104.98472595214844,91.3714828491211,328.6000061035156,132.39373779296875
2020-07-21,96.2066421508789,444.2799987792969,3138.2900390625,9374.8876953125,241.75,1842.4000244140625,0.1099999994039535,206.74815368652344,103.1643524169922,90.528076171875,313.6719970703125,131.3274383544922
2020-07-22,96.4769058227539,445.0499877929687,3099.909912109375,9525.36328125,239.8699951171875,1864.0999755859375,0.1000000014901161,209.7193603515625,104.26556396484376,90.8124771118164,318.46600341796875,128.46788024902344
2020-07-23,92.08562469482422,431.739990234375,2986.550048828125,9581.072265625,232.6000061035156,1889.0999755859375,0.1030000001192092,200.59768676757812,101.1791763305664,87.93904113769531,302.614013671875,125.08483123779295
2020-07-24,91.85750579833984,430.30999755859375,3008.909912109375,9536.892578125,230.7100067138672,1897.300048828125,0.0979999974370002,199.36959838867188,101.82592010498048,87.1740951538086,283.3999938964844,125.6567611694336
2020-07-27,94.03453826904295,437.1000061035156,3055.2099609375,10990.873046875,233.5,1931.0,0.0930000022053718,201.8951416015625,104.09326171875,90.9105453491211,307.9200134277344,128.0704345703125
2020-07-28,92.48978424072266,432.260009765625,3000.330078125,10912.8232421875,230.1199951171875,1944.699951171875,0.1030000001192092,200.08270263671875,102.03567504882812,89.68467712402344,295.2980041503906,126.14142608642578
2020-07-29,94.26265716552734,436.2999877929687,3033.530029296875,11100.4677734375,233.2899932861328,1953.5,0.0900000035762786,202.1031188964844,104.53275299072266,91.23418426513672,299.8219909667969,127.60514831542967
2020-07-30,95.40326690673828,438.8800048828125,3051.8798828125,11111.2138671875,234.5,1942.300048828125,0.0850000008940696,201.9446563720703,106.01602172851562,105.12084197998048,297.49798583984375,125.7995147705078
2020-07-31,105.39090728759766,444.3200073242187,3164.679931640625,11323.466796875,253.6699981689453,1962.800048828125,0.0829999968409538,203.04400634765625,106.02350616455078,103.57134246826172,286.1520080566406,124.49164581298828
2020-08-03,108.0465087890625,447.9700012207031,3111.889892578125,11246.3486328125,251.9600067138672,1966.0,0.0780000016093254,214.46343994140625,109.97389221191406,107.47449493408205,297.0,126.21920013427734
2020-08-04,108.76805877685548,446.9200134277344,3138.830078125,11205.892578125,249.8300018310547,2001.199951171875,0.0900000035762786,211.24459838867188,112.1463394165039,108.8082504272461,297.3999938964844,129.05941772460938
2020-08-05,109.16229248046876,449.510009765625,3205.030029296875,11747.0224609375,249.1199951171875,2031.0999755859375,0.0949999988079071,210.89796447753903,112.73566436767578,109.23976135253906,297.0039978027344,129.5181427001953
2020-08-06,112.97089385986328,464.1099853515625,3225.0,11779.7734375,265.2799987792969,2051.5,0.0879999995231628,214.2752685546875,113.22259521484376,108.91613006591795,297.9159851074219,130.53323364257812
2020-08-07,110.40242004394533,449.5700073242187,3167.4599609375,11601.47265625,268.44000244140625,2010.0999755859375,0.0879999995231628,210.44236755371097,111.86418151855467,106.16036987304688,290.5419921875,130.35752868652344
2020-08-10,112.00709533691406,443.2900085449219,3148.159912109375,11878.111328125,263.0,2024.4000244140625,0.0879999995231628,206.2529296875,111.5195770263672,104.3068618774414,283.7139892578125,132.16317749023438
2020-08-11,108.67601013183594,435.2300109863281,3080.669921875,11410.525390625,256.1300048828125,1932.5999755859375,0.1000000014901161,201.42965698242188,108.3732681274414,106.72917938232422,274.87799072265625,132.77806091308594
2020-08-12,112.28778839111328,445.3599853515625,3162.239990234375,11584.9345703125,259.8900146484375,1934.9000244140625,0.1000000014901161,207.18394470214844,114.26886749267578,113.5548324584961,310.9519958496094,135.3157196044922
2020-08-14,114.17316436767578,447.6000061035156,3148.02001953125,11768.87109375,261.239990234375,1937.0,0.0879999995231628,206.89669799804688,115.50491333007812,111.54439544677734,330.1419982910156,134.05667114257812
2020-08-17,113.87506866455078,451.5799865722656,3182.409912109375,12254.40234375,261.1600036621094,1985.0,0.0850000008940696,208.26348876953125,123.22588348388672,110.01451110839844,367.12799072265625,134.96435546875
2020-08-19,114.96804809570312,462.010009765625,3260.47998046875,11758.283203125,262.5899963378906,1958.699951171875,0.0949999988079071,208.1910858154297,121.2432098388672,108.89651489257812,375.70599365234375,135.15956115722656
2020-08-20,117.5191421508789,478.4800109863281,3297.3701171875,11878.3720703125,269.010009765625,1933.800048828125,0.0879999995231628,213.0359649658203,121.26818084716795,108.52385711669922,400.3659973144531,135.24742126464844
2020-08-24,125.0531768798828,476.2999877929687,3307.4599609375,11774.595703125,271.3900146484375,1927.699951171875,0.0850000008940696,212.15237426757812,127.0539093017578,113.6725082397461,402.8399963378906,137.638671875
2020-08-25,124.02728271484376,484.4299926757813,3346.489990234375,11366.134765625,280.82000732421875,1911.800048828125,0.0949999988079071,214.91238403320312,127.35106658935548,113.71173858642578,404.6679992675781,138.26332092285156
2020-08-26,125.71392822265624,528.489990234375,3441.85009765625,11488.36328125,303.9100036621094,1940.699951171875,0.0930000022053718,219.55870056152344,127.58079528808594,113.79999542236328,430.6340026855469,139.03436279296875
2020-08-27,124.21109771728516,510.3200073242187,3400.0,11323.3974609375,293.2200012207031,1921.5999755859375,0.0949999988079071,224.9496307373047,126.13499450683594,113.78038787841795,447.75,138.09738159179688
2020-08-31,128.21534729003906,513.3900146484375,3450.9599609375,11680.8203125,293.20001220703125,1967.5999755859375,0.0949999988079071,223.90716552734375,133.58877563476562,116.80093383789062,498.3200073242187,138.7415313720703
2020-09-02,130.5602569580078,533.7999877929688,3531.449951171875,11414.0341796875,302.5,1934.4000244140625,0.1000000014901161,229.9831390380859,143.34030151367188,121.44918823242188,447.3699951171875,144.0999298095703
2020-09-04,120.18698120117188,491.94000244140625,3294.6201171875,10511.8134765625,282.7300109863281,1923.9000244140625,0.1030000001192092,212.70835876464844,126.1152801513672,114.34049224853516,418.3200073242187,137.1018524169922
2020-09-08,112.0989990234375,462.1300048828125,3149.840087890625,10131.5166015625,271.1600036621094,1933.0,0.1080000028014183,201.2017364501953,119.02644348144533,108.22760772705078,330.2099914550781,132.77806091308594
2020-09-09,116.57023620605467,479.4599914550781,3268.610107421875,10242.34765625,273.7200012207031,1944.699951171875,0.1049999967217445,209.76963806152344,127.03947448730467,112.41788482666016,366.2799987792969,136.33079528808594
2020-09-10,112.76471710205078,476.260009765625,3175.110107421875,10363.138671875,268.0899963378906,1954.199951171875,0.1030000001192092,203.89222717285156,123.01048278808594,110.86009979248048,371.3399963378906,133.90048217773438
2020-09-14,114.62276458740234,485.9100036621094,3102.969970703125,10680.837890625,266.1499938964844,1953.0999755859375,0.1000000014901161,203.93194580078125,128.61061096191406,111.86575317382812,419.6199951171875,135.20835876464844
2020-09-16,111.41340637207033,476.0,3078.10009765625,10974.9052734375,263.5199890136719,1960.199951171875,0.1000000014901161,203.5745391845703,125.03620910644533,112.95030212402344,441.760009765625,136.33079528808594
2020-09-17,109.63484954833984,474.2999877929687,3008.72998046875,10948.990234375,254.82000732421875,1940.0,0.0850000008940696,201.449951171875,124.5266571044922,113.26580810546876,423.4299926757813,137.03350830078125
2020-09-18,106.15721130371094,467.5499877929687,2954.909912109375,10944.5859375,252.52999877929688,1952.0999755859375,0.0829999968409538,198.9480743408203,121.78654479980467,109.13468933105467,442.1499938964844,135.33523559570312
2020-09-21,109.3765106201172,475.6400146484375,2960.469970703125,10462.259765625,248.1499938964844,1901.199951171875,0.0799999982118606,201.0825958251953,125.06369018554688,110.34739685058594,449.3900146484375,133.69552612304688
2020-09-23,106.43543243408205,470.3900146484375,2999.860107421875,10225.8642578125,249.02000427246097,1859.9000244140625,0.0879999995231628,199.14663696289065,121.13211059570312,109.01636505126952,380.3599853515625,131.91917419433594
2020-09-24,107.52840423583984,467.6700134277344,3019.7900390625,10745.548828125,249.52999877929688,1868.300048828125,0.0930000022053718,201.72792053222656,123.37266540527344,110.61360931396484,387.7900085449219,133.41249084472656
2020-09-25,111.56243896484376,479.7799987792969,3095.1298828125,10702.2900390625,254.82000732421875,1857.699951171875,0.0900000035762786,206.3246154785156,128.6256103515625,112.89115142822266,407.3399963378906,135.00340270996094
2020-09-28,114.22531127929688,488.510009765625,3174.050048828125,10721.3271484375,256.82000732421875,1872.800048828125,0.0879999995231628,207.93295288085935,130.23667907714844,116.80536651611328,421.2000122070313,138.53660583496094
2020-09-29,113.36087799072266,489.3299865722656,3144.8798828125,10848.830078125,261.7900085449219,1894.300048828125,0.0850000008940696,205.7686309814453,132.14254760742188,115.7306671142578,419.0700073242187,138.10714721679688
2020-09-30,115.06989288330078,490.4299926757813,3148.72998046875,10787.6181640625,261.8999938964844,1887.5,0.0850000008940696,208.81654357910156,135.1873779296875,116.0264663696289,429.010009765625,139.3662109375
2020-10-01,116.04362487792967,499.510009765625,3221.260009765625,10623.330078125,266.6300048828125,1908.4000244140625,0.0829999968409538,210.9312286376953,136.02664184570312,117.84060668945312,448.1600036621094,141.43539428710938
2020-10-02,112.29772186279295,478.989990234375,3125.0,10585.1640625,259.94000244140625,1900.199951171875,0.0850000008940696,204.70635986328125,130.50894165039062,113.84751892089844,415.0899963378906,137.70697021484375
2020-10-05,115.75547790527344,486.4700012207031,3199.199951171875,10804.0009765625,264.6499938964844,1912.5,0.0850000008940696,208.8662109375,136.30641174316406,118.82655334472656,425.6799926757813,140.6252899169922
2020-10-06,112.43682861328124,478.9800109863281,3099.9599609375,10621.6640625,258.6600036621094,1901.0999755859375,0.0879999995231628,204.42835998535156,137.24560546875,117.8603286743164,413.9800109863281,140.40081787109375
2020-10-07,114.34455871582033,493.1499938964844,3195.68994140625,10679.13671875,258.1199951171875,1883.5999755859375,0.0879999995231628,208.3201446533203,139.51861572265625,121.3012924194336,425.2999877929687,143.23126220703125
2020-10-15,119.93856811523438,501.1499938964844,3338.64990234375,11495.349609375,266.7200012207031,1903.199951171875,0.0949999988079071,218.0794219970703,139.5785675048828,126.77330780029295,448.8800048828125,148.89219665527344
2020-10-16,118.25936889648438,502.8200073242187,3272.7099609375,11322.123046875,265.92999267578125,1900.800048828125,0.0900000035762786,218.0794219970703,137.9949493408203,127.21697998046876,439.6700134277344,149.44851684570312
2020-10-19,115.23880004882812,495.2000122070313,3207.2099609375,11742.037109375,261.3999938964844,1906.4000244140625,0.0900000035762786,212.67855834960935,134.86016845703125,126.61555480957033,430.8299865722656,147.14511108398438
2020-10-26,114.31475067138672,475.2000122070313,3207.0400390625,13075.248046875,277.1099853515625,1902.699951171875,0.0799999982118606,208.568359375,131.2982635498047,124.42674255371094,420.2799987792969,142.45045471191406
2020-10-30,108.164306640625,447.1000061035156,3036.14990234375,13546.5224609375,263.1099853515625,1877.4000244140625,0.0829999968409538,201.01312255859375,125.23104095458984,121.62665557861328,388.0400085449219,142.1368865966797
2020-11-04,114.21538543701172,487.2300109863281,3241.159912109375,14133.70703125,287.3800048828125,1894.5999755859375,0.0829999968409538,214.83294677734375,137.82260131835938,127.15782928466795,420.9800109863281,149.45068359375
2020-11-06,118.13495635986328,494.6300048828125,3311.3701171875,15565.880859375,293.4100036621094,1950.300048828125,0.0829999968409538,222.11021423339844,145.493408203125,142.97244262695312,429.9500122070313,155.06381225585938
2020-11-12,118.65251159667967,462.5799865722656,3110.280029296875,16276.34375,275.0799865722656,1872.5999755859375,0.0850000008940696,213.88978576660156,134.45053100585938,141.88790893554688,411.760009765625,151.87876892089844
2020-11-13,118.70227813720705,469.3399963378906,3128.81005859375,16317.80859375,276.95001220703125,1885.699951171875,0.0829999968409538,214.95208740234375,132.8544158935547,142.23297119140625,408.5,153.99229431152344
2020-11-16,119.73741912841795,460.9500122070313,3131.06005859375,16716.111328125,278.9599914550781,1887.300048828125,0.0750000029802322,215.6669006347656,135.03501892089844,146.97540283203125,408.0899963378906,155.62413024902344
2020-11-17,118.83167266845705,467.9500122070313,3135.659912109375,17645.40625,275.0,1884.5,0.0799999982118606,212.91683959960935,134.1058349609375,146.65005493164062,441.6099853515625,152.86180114746094
2020-11-18,117.47803497314452,459.4700012207031,3105.4599609375,17804.005859375,271.9700012207031,1873.5,0.0750000029802322,210.10980224609375,134.17076110839844,144.98377990722656,486.6400146484375,150.94488525390625
2020-11-19,118.0851821899414,466.4100036621094,3117.02001953125,17817.08984375,272.94000244140625,1861.0999755859375,0.0599999986588954,211.4436492919922,134.28567504882812,145.45704650878906,499.2699890136719,154.60177612304688
2020-11-20,116.791259765625,462.9200134277344,3099.39990234375,18621.314453125,269.70001220703125,1872.5999755859375,0.0579999983310699,209.4229736328125,130.7637176513672,143.9781036376953,489.6099853515625,154.15940856933594
2020-11-23,113.3175811767578,460.6099853515625,3098.389892578125,18364.12109375,268.42999267578125,1837.800048828125,0.0700000002980232,209.14425659179688,131.28578186035156,141.79917907714844,521.8499755859375,154.7492218017578
2020-11-25,115.48738861083984,470.0799865722656,3185.070068359375,18732.12109375,275.5899963378906,1805.699951171875,0.0799999982118606,212.8869781494141,132.23245239257812,142.05551147460938,574.0,154.92617797851562
2020-11-30,118.4932632446289,478.4700012207031,3168.0400390625,19625.8359375,276.9700012207031,1775.699951171875,0.0750000029802322,213.08607482910156,133.89849853515625,145.1020965576172,567.5999755859375,158.51425170898438
2020-12-02,122.5044174194336,481.260009765625,3203.530029296875,19201.091796875,287.5199890136719,1825.699951171875,0.0750000029802322,214.38006591796875,135.3272705078125,148.51080322265625,568.8200073242188,159.9593048095703
2020-12-03,122.36507415771484,484.2799987792969,3186.72998046875,19445.3984375,281.8500061035156,1836.800048828125,0.0750000029802322,213.2552795410156,133.8831024169922,148.44149780273438,593.3800048828125,159.2318572998047
2020-12-07,123.1712875366211,492.25,3158.0,19191.630859375,285.5799865722656,1861.800048828125,0.0700000002980232,213.30503845214844,135.98939514160156,156.4720458984375,641.760009765625,163.46875
2020-12-08,123.79833984375,495.2799987792969,3177.2900390625,18321.14453125,283.3999938964844,1870.800048828125,0.0680000036954879,215.0171356201172,133.42335510253906,157.24440002441406,649.8800048828125,163.85211181640625
2020-12-09,121.2104949951172,483.739990234375,3104.199951171875,18553.916015625,277.9200134277344,1834.5999755859375,0.0700000002980232,210.8264923095703,129.23326110839844,154.49163818359375,604.47998046875,159.99862670898438
2020-12-10,122.66366577148438,476.8699951171875,3101.489990234375,18264.9921875,277.1199951171875,1833.5999755859375,0.0700000002980232,209.55238342285156,129.64804077148438,154.22427368164062,627.0700073242188,159.25152587890625
2020-12-11,121.83755493164062,475.9100036621094,3116.419921875,18058.904296875,273.54998779296875,1839.800048828125,0.0649999976158142,212.27976989746097,130.05780029296875,142.86663818359375,609.989990234375,157.88510131835938
2020-12-14,121.2104949951172,486.4200134277344,3156.969970703125,19246.64453125,274.19000244140625,1828.699951171875,0.0599999986588954,213.2154541015625,133.01107788085938,144.85693359375,639.8300170898438,157.40341186523438
2020-12-17,128.09812927246094,495.3599853515625,3236.080078125,22805.162109375,274.4800109863281,1887.199951171875,0.0799999982118606,218.41146850585935,133.33590698242188,148.06521606445312,655.9000244140625,159.92982482910156
2020-12-18,126.06768035888672,502.9500122070313,3201.64990234375,23137.9609375,276.3999938964844,1885.699951171875,0.0799999982118606,217.5852813720703,132.64381408691406,145.9758758544922,695.0,161.28640747070312
2020-12-21,127.6303253173828,498.3900146484375,3206.179931640625,22803.08203125,272.7900085449219,1879.199951171875,0.0780000016093254,221.56689453125,133.24595642089844,145.36196899414062,649.8599853515625,159.67422485351562
2020-12-22,131.2632598876953,504.1700134277344,3206.52001953125,23783.029296875,267.0899963378906,1866.5999755859375,0.0780000016093254,222.9106903076172,132.70626831054688,144.90646362304688,640.3400268554688,159.76271057128906
2020-12-23,130.34756469726562,496.9100036621094,3185.27001953125,23241.345703125,268.1099853515625,1874.699951171875,0.0750000029802322,220.0041046142578,130.01780700683594,145.52040100097656,645.97998046875,158.24880981445312
2020-12-28,136.05076599121094,498.9500122070313,3283.9599609375,27084.80859375,277.0,1877.199951171875,0.0799999982118606,223.92599487304688,128.9259490966797,146.29273986816406,663.6900024414062,158.7305145263672
2020-12-30,133.0946502685547,497.4500122070313,3285.85009765625,28840.953125,271.8699951171875,1891.0,0.0700000002980232,220.66107177734375,131.3820343017578,148.4810791015625,694.780029296875,159.93963623046875
2020-12-31,132.06947326660156,500.1199951171875,3256.929931640625,29001.720703125,273.1600036621094,1893.0999755859375,0.0649999976158142,221.39767456054688,130.4750518798828,150.84767150878906,705.6699829101562,161.34539794921875
2021-01-04,128.80482482910156,485.3399963378906,3186.6298828125,31971.9140625,268.94000244140625,1944.699951171875,0.0680000036954879,216.68942260742188,131.05972290039062,147.04530334472656,729.77001953125,159.46778869628906
2021-01-05,130.39732360839844,485.69000244140625,3218.510009765625,33992.4296875,270.9700012207031,1952.699951171875,0.0780000016093254,216.8984375,133.97055053710938,150.93678283691406,735.1099853515625,160.63758850097656
2021-01-06,126.0079574584961,466.30999755859375,3138.3798828125,36824.36328125,263.30999755859375,1906.9000244140625,0.0780000016093254,211.2744140625,126.07257843017578,149.70895385742188,755.97998046875,161.43385314941406
2021-01-14,128.3071746826172,463.2699890136719,3127.469970703125,39187.328125,245.63999938964844,1850.300048828125,0.0750000029802322,212.04087829589844,131.92672729492188,159.27432250976562,845.0,168.7967987060547
2021-01-19,127.2322006225586,456.5,3120.760009765625,36069.8046875,261.1000061035156,1839.5,0.0729999989271164,215.44517517089844,130.177734375,162.16571044921875,844.5499877929688,171.23471069335938
2021-01-21,136.22991943359375,472.0199890136719,3306.989990234375,30825.69921875,272.8699951171875,1865.300048828125,0.0729999989271164,223.9359588623047,138.5953826904297,163.13612365722656,844.989990234375,172.1292724609375
2021-01-25,142.2516326904297,473.44000244140625,3294.0,32366.392578125,278.010009765625,1854.9000244140625,0.0700000002980232,228.47499084472656,136.45413208007812,162.78953552246094,880.7999877929688,169.9862518310547
2021-01-26,142.4905242919922,476.2799987792969,3326.1298828125,32569.849609375,282.04998779296875,1850.699951171875,0.0680000036954879,231.2621307373047,134.27536010742188,160.95767211914062,883.0900268554688,168.56085205078125
2021-01-28,136.4488983154297,465.6700134277344,3237.6201171875,31649.60546875,265.0,1837.9000244140625,0.0549999997019767,237.831787109375,130.43507385253906,154.0262451171875,835.4299926757812,166.3588409423828
2021-01-29,131.34288024902344,458.7699890136719,3206.199951171875,34316.38671875,258.3299865722656,1847.300048828125,0.0480000004172325,230.8938446044922,129.82293701171875,154.74908447265625,793.530029296875,163.86659240722656
2021-02-01,133.51268005371094,470.0,3342.8798828125,33537.17578125,262.010009765625,1860.800048828125,0.0480000004172325,238.54847717285156,132.29400634765625,159.99716186523438,839.8099975585938,170.56210327148438
2021-02-02,134.3587188720703,484.9299926757813,3380.0,35510.2890625,267.0799865722656,1830.5,0.050000000745058,238.40911865234375,135.4896697998047,163.16583251953125,872.7899780273438,172.82688903808594
2021-02-03,133.3136444091797,481.9200134277344,3312.530029296875,37472.08984375,266.6499938964844,1832.199951171875,0.0399999991059303,241.88308715820312,135.22731018066406,160.71011352539062,854.6900024414062,166.7247772216797
2021-02-04,136.74749755859375,489.3800048828125,3331.0,36926.06640625,266.489990234375,1788.9000244140625,0.0299999993294477,240.8976287841797,136.56405639648438,146.52049255371094,849.989990234375,170.10714721679688
2021-02-05,136.32383728027344,492.1199951171875,3352.14990234375,38144.30859375,268.1000061035156,1810.9000244140625,0.0230000000447034,241.08676147460935,135.8319854736328,144.41134643554688,852.22998046875,168.05992126464844
2021-02-08,136.47337341308594,493.760009765625,3322.93994140625,46196.46484375,266.5799865722656,1831.9000244140625,0.0199999995529651,241.35552978515625,144.3046112060547,145.93626403808594,863.4199829101562,173.19281005859375
2021-02-09,135.57623291015625,496.0499877929687,3305.0,46481.10546875,269.45001220703125,1835.300048828125,0.032999999821186,242.6495361328125,142.55062866210938,144.6787109375,849.4600219726562,171.77854919433594
2021-02-10,134.9582061767578,492.6700134277344,3286.580078125,44918.18359375,271.8699951171875,1840.5999755859375,0.0350000001490116,241.70391845703125,147.5577392578125,144.07469177246094,804.8200073242188,172.44117736816406
2021-02-11,134.6990509033203,496.6199951171875,3262.1298828125,47909.33203125,270.3900146484375,1824.9000244140625,0.0350000001490116,243.36624145507812,152.41995239257812,144.13409423828125,811.6599731445312,177.24769592285156
2021-02-18,129.29632568359375,488.3699951171875,3328.22998046875,51679.796875,269.3900146484375,1773.4000244140625,0.0230000000447034,243.2283477783203,148.20486450195312,142.50027465820312,787.3800048828125,174.56752014160156
2021-02-19,129.45582580566406,479.1199951171875,3249.89990234375,55888.1328125,261.55999755859375,1775.800048828125,0.0230000000447034,240.41485595703125,149.17930603027344,143.52017211914062,781.2999877929688,176.3872833251953
2021-02-22,125.5981674194336,467.3299865722656,3180.739990234375,54207.3203125,260.3299865722656,1806.699951171875,0.025000000372529,233.96974182128903,143.47508239746094,138.09385681152344,714.5,171.18515014648438
2021-02-23,125.45861053466795,467.7999877929687,3194.5,48824.42578125,265.8599853515625,1804.4000244140625,0.0230000000447034,232.73260498046875,141.33880615234375,135.7767791748047,698.8400268554688,170.9477996826172
2021-02-24,124.95023345947266,476.6199951171875,3159.530029296875,49705.33203125,264.30999755859375,1796.4000244140625,0.0280000008642673,234.00965881347656,144.90676879882812,139.71778869628906,742.02001953125,177.41583251953125
2021-02-25,120.60414123535156,459.1600036621094,3057.159912109375,47093.8515625,254.69000244140625,1774.4000244140625,0.032999999821186,228.46246337890625,132.99859619140625,134.20236206054688,682.219970703125,168.65333557128906
2021-02-26,120.87328338623048,459.6700134277344,3092.929931640625,46339.76171875,257.6199951171875,1728.0999755859375,0.0350000001490116,231.8446502685547,137.06626892089844,134.85589599609375,675.5,170.3741912841797
2021-03-01,127.38246154785156,469.5700073242187,3146.139892578125,49631.2421875,264.9100036621094,1722.5,0.0280000008642673,236.39414978027344,138.33802795410156,138.12356567382812,718.4299926757812,175.71475219726562
2021-03-02,124.7209701538086,466.5899963378906,3094.530029296875,48378.98828125,259.0,1733.0999755859375,0.0350000001490116,233.33120727539065,133.98553466796875,135.69754028320312,686.4400024414062,172.96534729003906
2021-03-04,119.74687957763672,439.05999755859375,2977.570068359375,48561.16796875,257.6400146484375,1700.199951171875,0.0280000008642673,226.20765686035156,123.63147735595705,127.15117645263672,621.4400024414062,161.4534454345703
2021-03-05,121.03276824951172,440.8299865722656,3000.4599609375,48927.3046875,264.2799987792969,1698.0,0.0280000008642673,231.0664520263672,124.54345703125,129.09127807617188,597.9500122070312,166.0918426513672
2021-03-08,115.98890686035156,421.2000122070313,2951.949951171875,52246.5234375,255.30999755859375,1677.699951171875,0.0350000001490116,226.86614990234375,115.86595153808594,122.57452392578124,563.0,160.32598876953125
2021-03-09,120.70381927490234,439.1799926757813,3062.85009765625,54824.1171875,265.739990234375,1716.5999755859375,0.0350000001490116,233.24142456054688,125.17381286621094,128.45452880859375,673.5800170898438,168.48519897460938
2021-03-10,119.59737396240234,437.010009765625,3057.639892578125,56008.55078125,264.8999938964844,1721.5,0.0299999993294477,231.88455200195312,124.65393829345705,127.2208251953125,668.0599975585938,167.5555419921875
2021-03-11,121.571044921875,451.05999755859375,3113.590087890625,57805.12109375,273.8800048828125,1722.300048828125,0.0280000008642673,236.58370971679688,129.9052276611328,131.07118225097656,699.5999755859375,173.02468872070312
2021-03-12,120.64401245117188,444.2999877929687,3089.489990234375,57332.08984375,268.3999938964844,1719.5,0.025000000372529,235.20687866210935,128.53054809570312,129.32009887695312,693.72998046875,171.65988159179688
2021-03-15,123.59457397460938,447.5899963378906,3081.679931640625,55907.19921875,273.75,1728.9000244140625,0.0149999996647238,234.26904296875,131.8822784423828,130.9716796875,707.9400024414062,172.98512268066406
2021-03-16,125.1695327758789,450.5400085449219,3091.860107421875,56804.90234375,279.2799987792969,1730.5999755859375,0.0080000003799796,237.1623687744141,132.88204956054688,132.97146606445312,676.8800048828125,175.19058227539062
2021-03-17,124.36212158203124,451.010009765625,3135.72998046875,58870.89453125,284.010009765625,1726.800048828125,0.0080000003799796,236.4939117431641,133.38194274902344,133.24009704589844,701.8099975585938,177.3762664794922
2021-03-18,120.1456069946289,439.1799926757813,3027.989990234375,57858.921875,278.6199951171875,1732.199951171875,0.003000000026077,230.1884765625,127.1958465576172,129.09127807617188,653.1599731445312,172.44117736816406
2021-03-19,119.60733032226562,441.5,3074.9599609375,58346.65234375,290.1099853515625,1741.4000244140625,0.0049999998882412,229.8193359375,128.42807006835938,130.35482788085938,654.8699951171875,174.04335021972656
2021-03-22,122.99649047851562,452.4100036621094,3110.8701171875,54529.14453125,293.5400085449219,1737.800048828125,0.0049999998882412,235.4463348388672,131.83229064941406,133.40924072265625,670.0,178.11801147460938
2021-03-23,122.14920043945312,460.2000122070313,3137.5,54738.9453125,290.6300048828125,1724.699951171875,0.0099999997764825,237.0326690673828,130.67755126953125,131.8472137451172,662.1599731445312,176.81253051757812
2021-03-24,119.7070083618164,451.510009765625,3087.070068359375,52774.265625,282.1400146484375,1732.9000244140625,0.0149999996647238,234.9175567626953,126.40103149414062,126.5343246459961,630.27001953125,176.93121337890625
2021-03-25,120.20541381835938,450.989990234375,3046.260009765625,51704.16015625,278.739990234375,1724.9000244140625,0.0149999996647238,231.8047332763672,125.32378387451172,126.6338119506836,640.3900146484375,176.52572631835938
2021-03-26,120.8234405517578,469.0899963378906,3052.030029296875,55137.3125,283.0199890136719,1732.199951171875,0.0149999996647238,235.93519592285156,128.3630828857422,132.31483459472656,618.7100219726562,186.1288604736328
2021-03-29,121.00286102294922,469.3200073242187,3075.72998046875,57750.19921875,290.82000732421875,1712.0999755859375,0.0080000003799796,234.69805908203125,129.4528350830078,130.6035614013672,611.2899780273438,184.1310882568359
2021-03-30,119.51761627197266,465.4599914550781,3055.2900390625,58917.69140625,288.0,1683.9000244140625,0.0130000002682209,231.3158721923828,128.68800354003906,129.44944763183594,635.6199951171875,183.89373779296875
2021-03-31,121.76044464111328,475.3699951171875,3094.080078125,58918.83203125,294.5299987792969,1713.800048828125,0.0130000002682209,235.22683715820312,133.45191955566406,131.91685485839844,667.9299926757812,186.91018676757812
2021-04-01,122.60772705078124,483.3399963378906,3161.0,59095.80859375,298.6600036621094,1726.5,0.0080000003799796,241.79168701171875,138.08584594726562,137.0904541015625,661.75,189.94639587402344
2021-04-07,127.49210357666016,493.4100036621094,3279.389892578125,56048.9375,313.0899963378906,1740.0999755859375,0.0099999997764825,249.32427978515625,141.402587890625,138.7221221923828,670.969970703125,190.96505737304688
2021-04-08,129.9442596435547,499.8399963378906,3299.300048828125,58323.953125,313.0199890136719,1756.800048828125,0.0049999998882412,252.66656494140625,143.13719177246094,139.62750244140625,683.7999877929688,193.0518341064453
2021-04-09,132.57583618164062,504.0400085449219,3372.199951171875,58245.00390625,312.4599914550781,1743.300048828125,0.003000000026077,255.26058959960935,143.96701049804688,139.85635375976562,677.02001953125,193.279296875
2021-04-12,130.8214569091797,506.0299987792969,3379.389892578125,59893.453125,311.5400085449219,1731.199951171875,0.0099999997764825,255.32044982910156,152.05514526367188,136.7422332763672,701.97998046875,190.31231689453125
2021-04-13,134.0012664794922,514.8599853515625,3400.0,63503.45703125,309.760009765625,1746.199951171875,0.0149999996647238,257.8945007324219,156.7590789794922,136.6029510498047,762.3200073242188,189.1354217529297
2021-04-15,134.07106018066406,523.25,3379.090087890625,63314.01171875,307.82000732421875,1765.4000244140625,0.0099999997764825,258.90216064453125,161.3355255126953,137.14019775390625,738.8499755859375,191.0441741943359
2021-04-16,133.73214721679688,525.0800170898438,3399.43994140625,61572.7890625,306.17999267578125,1779.0,0.0080000003799796,260.1393127441406,159.0885467529297,137.50833129882812,739.780029296875,189.81781005859375
2021-04-19,134.4099578857422,516.1699829101562,3372.010009765625,55724.265625,302.239990234375,1769.4000244140625,0.0149999996647238,258.1439208984375,153.58229064941406,134.5633544921875,714.6300048828125,185.00140380859375
2021-04-20,132.6855010986328,514.2100219726562,3334.68994140625,56473.03125,302.6499938964844,1777.300048828125,0.0149999996647238,257.6650390625,151.677734375,132.7227325439453,718.989990234375,183.23110961914065
2021-04-22,131.51922607421875,507.2900085449219,3309.0400390625,51762.2734375,296.5199890136719,1781.199951171875,0.0149999996647238,256.5775451660156,148.46847534179688,132.294921875,719.6900024414062,183.7552947998047
2021-04-26,134.2903594970703,515.7000122070312,3409.0,54021.75390625,303.0400085449219,1779.199951171875,0.0080000003799796,260.94744873046875,154.74453735351562,138.2545166015625,738.2000122070312,189.25408935546875
2021-04-27,133.96139526367188,517.3200073242188,3417.429931640625,55033.1171875,303.57000732421875,1778.0,0.0099999997764825,261.3664855957031,153.78225708007812,137.309326171875,704.739990234375,188.11676025390625
2021-04-28,133.15399169921875,515.47998046875,3458.5,54824.703125,307.1000061035156,1773.199951171875,0.0080000003799796,253.9735412597656,152.7324981689453,135.8766632080078,694.4000244140625,179.81907653808594
2021-04-29,133.05430603027344,516.0900268554688,3471.31005859375,53555.109375,329.510009765625,1768.0999755859375,0.0080000003799796,251.9282684326172,153.21238708496094,141.95562744140625,677.0,183.7750701904297
2021-04-30,131.04075622558594,508.3399963378906,3467.419921875,57750.17578125,325.0799865722656,1767.300048828125,0.003000000026077,251.5990295410156,150.06060791015625,138.0953369140625,709.4400024414062,179.50885009765625
2021-05-03,132.11729431152344,503.4599914550781,3386.489990234375,57200.29296875,322.5799865722656,1791.4000244140625,0.0049999998882412,251.27976989746097,148.33349609375,136.73226928710938,684.9000244140625,177.80833435058594
2021-05-04,127.4422607421875,490.7000122070313,3311.8701171875,53333.5390625,318.3599853515625,1775.800048828125,0.0099999997764825,247.2191467285156,143.4796142578125,133.4390869140625,673.5999755859375,178.0370635986328
2021-05-07,130.0152130126953,488.7300109863281,3291.610107421875,57356.40234375,319.0799865722656,1831.0999755859375,0.0080000003799796,251.87838745117188,148.08856201171875,137.15016174316406,672.3699951171875,186.71864318847656
2021-05-10,126.66022491455078,479.3800048828125,3190.489990234375,55859.796875,305.9700012207031,1837.5,0.0049999998882412,246.6105499267578,142.62481689453125,128.28538513183594,629.0399780273438,181.04031372070312
2021-05-19,124.5034637451172,480.4700012207031,3231.800048828125,37002.44140625,313.5899963378906,1881.300048828125,0.0049999998882412,243.1199951171875,140.62527465820312,129.9966583251953,563.4600219726562,180.7121429443359
2021-05-28,124.423583984375,504.5799865722656,3223.070068359375,35697.60546875,328.7300109863281,1902.5,0.0080000003799796,249.67999267578125,162.4077911376953,133.85694885253906,625.219970703125,188.76722717285156
2021-06-03,123.35518646240234,493.1400146484375,3187.010009765625,39208.765625,326.0400085449219,1871.199951171875,0.0149999996647238,245.7100067138672,169.6586151123047,131.77999877929688,572.8400268554688,184.96839904785156
2021-06-07,125.71165466308594,509.4700012207031,3198.010009765625,33560.70703125,336.5799865722656,1896.800048828125,0.0179999992251396,253.80999755859375,176.14962768554688,133.32000732421875,605.1300048828125,187.50425720214844
2021-06-08,126.5503921508789,509.2000122070313,3264.110107421875,33472.6328125,333.67999267578125,1892.199951171875,0.0199999995529651,252.57000732421875,174.53001403808594,134.1999969482422,603.5900268554688,185.8932342529297
2021-06-11,127.15947723388672,541.260009765625,3346.830078125,37334.3984375,331.260009765625,1877.4000244140625,0.0179999992251396,257.8900146484375,178.25250244140625,134.6199951171875,609.8900146484375,187.62359619140625
2021-06-14,130.2847900390625,556.9500122070312,3383.8701171875,40218.4765625,336.7699890136719,1864.0,0.0149999996647238,259.8900146484375,180.1875,137.30999755859375,617.6900024414062,189.20477294921875
2021-06-15,129.44606018066406,548.4600219726562,3383.1298828125,40406.26953125,336.75,1854.5,0.0199999995529651,258.3599853515625,177.88499450683594,135.5800018310547,599.3599853515625,187.56393432617188
2021-06-16,129.95529174804688,543.3300170898438,3415.25,38347.0625,331.0799865722656,1859.5,0.0280000008642673,257.3800048828125,178.1024932861328,134.9499969482422,604.8699951171875,186.68881225585935
2021-06-21,132.10208129882812,567.3499755859375,3453.9599609375,31676.693359375,332.2900085449219,1781.800048828125,0.0299999993294477,262.6300048828125,184.2725067138672,133.9600067138672,620.8300170898438,185.07778930664065
2021-06-22,133.77955627441406,575.739990234375,3505.43994140625,32505.66015625,339.0299987792969,1776.300048828125,0.0379999987781047,265.510009765625,188.86749267578125,135.0800018310547,623.7100219726562,186.00262451171875
2021-06-23,133.49998474121094,574.22998046875,3503.820068359375,33723.02734375,340.5899963378906,1782.300048828125,0.0399999991059303,265.2699890136719,190.5724945068359,135.52000427246094,656.5700073242188,185.06785583496097
2021-06-24,133.21041870117188,578.260009765625,3449.080078125,34662.4375,343.17999267578125,1775.5999755859375,0.0430000014603138,266.69000244140625,192.05499267578125,137.9199981689453,679.8200073242188,187.56393432617188
2021-06-25,132.91087341308594,579.6599731445312,3401.4599609375,31637.779296875,341.3699951171875,1776.5999755859375,0.0430000014603138,265.0199890136719,190.30999755859375,137.64999389648438,671.8699951171875,187.1263732910156
2021-06-28,134.578369140625,588.7999877929688,3443.889892578125,34434.3359375,355.6400146484375,1779.5999755859375,0.0399999991059303,268.7200012207031,199.8500061035156,139.72000122070312,688.719970703125,190.4677276611328
2021-06-29,136.1260528564453,590.75,3448.139892578125,35867.77734375,351.8900146484375,1762.800048828125,0.0399999991059303,271.3999938964844,200.2675018310547,142.6199951171875,680.760009765625,191.8102569580078
2021-06-30,136.75511169433594,585.6400146484375,3440.159912109375,35040.8359375,347.7099914550781,1770.800048828125,0.0399999991059303,270.8999938964844,200.0249938964844,142.92999267578125,679.7000122070312,191.23345947265625
