Date,Open,High,Low,Close,Adjusted Close,Volume,Dividend Amount,Split Coefficient
2021-12-01,60.9,62.03,59.75,59.79,53.7819217812218,30670130,0.0000,1.0
2021-12-02,59.74,61.58,59.14,61.28,55.1221971358634,29216045,0.0000,1.0
2021-12-03,61.92,62.23,60.345,60.89,54.7713868081384,22014734,0.0000,1.0
2021-12-06,61.72,62.16,61.4199,61.58,55.3920512341133,19210511,0.0000,1.0
2021-12-07,62.34,63.03,62.1,62.27,56.0127156600883,19800377,0.0000,1.0
2021-12-08,62.61,63.19,62.34,62.45,56.1746281190383,18214420,0.0000,1.0
2021-12-09,62.05,62.7684,61.81,62.61,56.3185503047716,16910332,0.0000,1.0
2021-12-10,63.27,63.35,62.225,63.01,56.6783557691049,17942383,0.0000,1.0
2021-12-13,62.47,62.72,61.35,61.63,55.437026917155,17793708,0.0000,1.0
2021-12-14,61.26,62.465,61.22,61.54,55.35607068768,22551145,0.0000,1.0
2021-12-15,61.19,61.5,60.01,61.27,55.113201999255,19961862,0.0000,1.0
2021-12-16,61.44,62.45,61.3,61.37,55.2031533653384,21187783,0.0000,1.0
2021-12-17,60.95,61.275,59.69,60.03,53.9978050598218,44454945,0.0000,1.0
2021-12-20,58.79,59.25,57.96,59.16,53.2152281748968,21819305,0.0000,1.0
2021-12-21,59.75,60.6808,59.72,60.5,54.4205764804134,19798891,0.0000,1.0
2021-12-22,60.34,61.365,59.97,60.99,54.8613381742217,14058338,0.0000,1.0
2021-12-23,61.17,61.84,61.0,61.02,54.8883235840467,13543291,0.0000,1.0
2021-12-27,60.93,61.95,60.42,61.89,55.6709004689717,12596340,0.0000,1.0
2021-12-28,61.91,62.31,61.4,61.69,55.490997736805,12786873,0.0000,1.0
2021-12-29,61.48,61.5983,60.915,61.15,55.005260359955,12733601,0.0000,1.0
2021-12-30,61.22,61.6,60.765,60.79,54.6814354420551,11940294,0.0000,1.0
2021-12-31,60.74,61.47,60.7,61.19,55.0412409063884,14000452,0.0000,1.0
2022-01-03,61.24,63.6,61.21,63.54,57.1550980093466,24290187,0.0000,1.0
2022-01-04,64.13,66.185,64.1,65.93,59.3049356587381,38584046,0.0000,1.0
2022-01-05,66.5,67.61,66.48,66.75,60.0425368606214,34033275,0.0000,1.0
2022-01-06,68.0,68.48,67.07,68.32,61.4547733081296,30668514,0.0000,1.0
2022-01-07,68.52,69.18,67.98,68.88,61.9585009581963,23985401,0.0000,1.0
2022-01-10,68.97,69.17,67.95,68.47,61.5897003572546,22760316,0.0000,1.0
2022-01-11,68.89,71.4,68.58,71.35,64.1802997004545,31908074,0.0000,1.0
2022-01-12,71.14,71.81,70.64,71.14,63.9914018316795,23045051,0.0000,1.0
2022-01-13,71.12,71.58,70.31,70.63,63.5326498646545,21043176,0.0000,1.0
2022-01-14,70.65,72.145,70.6,71.87,64.6480468040878,23012866,0.0000,1.0
2022-01-18,72.82,73.88,72.01,73.08,65.7364583336961,31605833,0.0000,1.0
2022-01-19,73.75,73.86,72.55,73.11,65.7634437435211,26301952,0.0000,1.0
2022-01-20,72.5,74.37,72.26,73.27,65.9073659292544,26774550,0.0000,1.0
2022-01-21,73.18,73.18,71.04,72.17,64.9179009023378,35120462,0.0000,1.0
2022-01-24,70.88,73.08,69.805,72.79,65.4755993720544,41576131,0.0000,1.0
2022-01-25,72.59,75.235,71.39,74.93,67.4005586062376,39278417,0.0000,1.0
2022-01-26,75.43,76.0,73.49,74.17,66.7169282240043,35252385,0.0000,1.0
2022-01-27,75.46,76.01,73.985,75.12,67.571466201796,29174687,0.0000,1.0
2022-01-28,74.97,75.62,73.95,75.28,67.7153883875293,30595660,0.0000,1.0
2022-01-31,74.97,76.42,74.265,75.96,68.3270576768959,36085479,0.0000,1.0
2022-02-01,76.45,81.51,76.27,80.83,72.707689205154,61033081,0.0000,1.0
2022-02-02,80.06,80.81,79.15,80.62,72.518791336379,30299322,0.0000,1.0
2022-02-03,80.09,80.31,79.02,79.68,71.6732484951957,28529399,0.0000,1.0
2022-02-04,80.87,82.53,80.87,81.41,73.2294071284373,32197543,0.0000,1.0
2022-02-07,81.14,83.08,80.64,82.39,74.1109305160539,34949215,0.0000,1.0
2022-02-08,82.27,82.4962,79.92,80.26,72.194966418479,34356264,0.0000,1.0
2022-02-09,79.58,80.03,78.7051,79.0,71.8531512273624,40106115,0.8800,1.0
2022-02-10,78.72,79.68,77.792,78.24,71.1619057218839,28527663,0.0000,1.0
2022-02-11,78.62,80.32,78.23,80.21,72.9536868347688,42002092,0.0000,1.0
2022-02-14,79.58,79.84,77.05,78.98,71.8349605561656,34652780,0.0000,1.0
2022-02-15,76.9,78.19,76.42,77.99,70.9345223319239,25089507,0.0000,1.0
2022-02-16,78.79,79.73,78.04,78.35,71.2619544134663,21733753,0.0000,1.0
2022-02-17,78.48,79.12,77.95,78.23,71.1528103862855,23738816,0.0000,1.0
2022-02-18,77.16,78.17,76.89,77.36,70.3615161892247,23394776,0.0000,1.0
2022-02-22,79.67,79.79,75.31,76.46,69.5429359853687,35785378,0.0000,1.0
2022-02-23,76.46,77.47,76.13,76.77,69.8248913889191,25385006,0.0000,1.0
2022-02-24,79.0,79.03,74.03,75.8,68.9426438358743,46199851,0.0000,1.0
2022-02-25,76.69,77.99,76.26,77.84,70.7980922979479,28310258,0.0000,1.0
2022-02-28,76.51,78.93,76.2,78.42,71.3256217626551,32204637,0.0000,1.0
2022-03-01,78.77,80.65,78.33,79.17,72.0077719325352,40002342,0.0000,1.0
2022-03-02,80.6,82.15,79.82,80.53,73.2447375739176,44321369,0.0000,1.0
2022-03-03,79.86,81.77,79.63,81.04,73.708599689436,30196611,0.0000,1.0
2022-03-04,81.05,84.275,80.66,84.09,76.4826770469481,42844527,0.0000,1.0
2022-03-07,84.92,87.23,83.9,87.12,79.2385637332634,55207908,0.0000,1.0
2022-03-08,89.05,91.505,85.43,87.78,79.8388558827578,72082261,0.0000,1.0
2022-03-09,84.03,86.57,81.6,82.79,75.3002834191561,65466651,0.0000,1.0
2022-03-10,84.01,85.68,82.9,85.36,77.637784667945,44644244,0.0000,1.0
2022-03-11,84.07,86.23,83.97,84.92,77.2375899016153,35303368,0.0000,1.0
2022-03-14,83.06,83.45,80.5,81.88,74.4726078797016,37462621,0.0000,1.0
2022-03-15,78.82,79.17,76.37,77.22,70.2341814908471,47957901,0.0000,1.0
2022-03-16,77.81,78.62,76.25,76.93,69.9704167584935,37812299,0.0000,1.0
2022-03-17,78.18,79.15,77.07,78.98,71.8349605561656,34041918,0.0000,1.0
2022-03-18,79.06,79.3898,78.1,78.67,71.5530051526152,40515799,0.0000,1.0
2022-03-21,80.12,82.515,79.74,82.2,74.7636586188505,32994606,0.0000,1.0
2022-03-22,81.63,82.2,80.79,81.84,74.436226537308,22730504,0.0000,1.0
2022-03-23,83.34,84.27,83.05,83.13,75.6095248295017,27716309,0.0000,1.0
2022-03-24,83.46,84.6499,82.75,83.38,75.8369082194617,19871630,0.0000,1.0
2022-03-25,82.92,85.49,82.79,85.2,77.4922592983705,21807506,0.0000,1.0
2022-03-28,83.17,83.31,82.02,82.81,75.3184740903529,21552383,0.0000,1.0
2022-03-29,80.81,82.49,79.76,82.37,74.9182793240233,27036251,0.0000,1.0
2022-03-30,83.06,84.01,82.71,83.78,76.2007216433977,22079009,0.0000,1.0
2022-03-31,82.87,84.4,82.55,82.59,75.1183767071881,27861456,0.0000,1.0
2022-04-01,81.99,84.14,81.99,83.12,75.6004294939033,18671077,0.0000,1.0
2022-04-04,83.56,83.66,82.05,83.16,75.6368108362969,20880035,0.0000,1.0
2022-04-05,83.5,85.07,82.555,82.73,75.2457114055657,21697567,0.0000,1.0
2022-04-06,83.42,84.7,82.94,83.65,76.0824822806185,24768200,0.0000,1.0
2022-04-07,83.83,85.44,82.71,85.05,77.3558292643945,26121980,0.0000,1.0
2022-04-08,85.17,87.21,85.17,86.84,78.9838943365082,24866507,0.0000,1.0
2022-04-11,85.78,85.93,83.5,83.85,76.2643889925865,21800100,0.0000,1.0
2022-04-12,85.71,86.82,85.375,85.6,77.8560727223065,22444175,0.0000,1.0
2022-04-13,86.61,87.11,85.19,86.81,78.956608329713,19306829,0.0000,1.0
2022-04-14,86.67,88.46,86.2323,87.83,79.8843325607498,24566440,0.0000,1.0
2022-04-18,88.5,88.89,87.75,88.55,80.5391967238346,19032299,0.0000,1.0
2022-04-19,88.01,88.66,87.27,87.76,79.820665211561,20382626,0.0000,1.0
2022-04-20,87.97,88.5,87.3,87.96,80.002571923529,20492320,0.0000,1.0
2022-04-21,88.95,89.8,86.79,87.03,79.1567057128778,29010859,0.0000,1.0
2022-04-22,86.66,88.12,85.0,85.13,77.4285919491817,23591604,0.0000,1.0
2022-04-25,82.37,82.655,79.29,82.26,74.8182306324409,37698264,0.0000,1.0
2022-04-26,82.73,84.72,82.18,82.29,74.8455166392361,28854494,0.0000,1.0
2022-04-27,83.39,85.475,82.28,84.64,76.9829205048601,32773024,0.0000,1.0
2022-04-28,84.88,88.135,84.07,87.2,79.3113264180506,33683758,0.0000,1.0
2022-04-29,88.14,88.14,84.7,85.25,77.5377359763625,34656462,0.0000,1.0
2022-05-02,85.01,87.035,84.63,86.41,78.592794905777,36335203,0.0000,1.0
2022-05-03,86.26,88.78,86.12,88.19,80.2117646422922,33908096,0.0000,1.0
2022-05-04,89.5,91.88,88.91,91.7,83.4042274373307,46086579,0.0000,1.0
2022-05-05,92.04,92.05,88.39,90.31,82.1399757891531,41013416,0.0000,1.0
2022-05-06,90.98,91.815,89.35,91.69,83.3951321017323,29619347,0.0000,1.0
2022-05-09,89.44,89.56,84.02,84.46,76.8192044640889,45851625,0.0000,1.0
2022-05-10,85.64,86.89,83.515,85.02,77.3285432575993,34483209,0.0000,1.0
2022-05-11,86.43,88.94,86.28,86.79,78.9384176585162,33020628,0.0000,1.0
2022-05-12,85.95,86.38,83.4,86.3,79.2931357468538,29491522,0.8800,1.0
2022-05-13,87.36,88.945,86.345,88.86,81.6452843854627,25798443,0.0000,1.0
2022-05-16,88.98,91.975,88.97,90.95,83.5655932349519,26101216,0.0000,1.0
2022-05-17,91.73,92.45,91.12,92.11,84.6314105868216,23120664,0.0000,1.0
2022-05-18,92.51,92.92,89.83,90.65,83.289950816365,25451243,0.0000,1.0
2022-05-19,89.0,92.3,89.0,91.14,83.7401667667237,24387369,0.0000,1.0
2022-05-20,91.93,93.59,90.4,91.86,84.4017085713324,28795031,0.0000,1.0
2022-05-23,92.66,94.77,92.55,93.89,86.2668889371043,27239334,0.0000,1.0
2022-05-24,92.82,94.79,92.32,94.4,86.7354810487022,24293327,0.0000,1.0
2022-05-25,94.58,96.53,94.47,96.3,88.4812163664197,29947847,0.0000,1.0
2022-05-26,96.6,97.43,96.2019,96.64,88.7936111074849,24314829,0.0000,1.0
2022-05-27,95.945,97.93,95.3,97.59,89.6664787663437,25588794,0.0000,1.0
2022-05-31,98.56,99.775,95.705,96.0,88.2055739478327,44888128,0.0000,1.0
2022-06-01,97.02,98.7124,96.62,97.84,89.8961807818329,25815365,0.0000,1.0
2022-06-02,97.29,98.1,96.79,97.67,89.7399834113002,19089105,0.0000,1.0
2022-06-03,97.9,99.66,97.9,99.09,91.0446908592786,21038164,0.0000,1.0
2022-06-06,99.18,99.78,98.67,98.84,90.8149888437895,20682050,0.0000,1.0
2022-06-07,99.7,103.43,99.49,103.37,94.9771893644528,37810233,0.0000,1.0
2022-06-08,103.49,105.57,102.98,104.59,96.0981352000398,31613155,0.0000,1.0
2022-06-09,103.42,104.57,102.16,102.33,94.021628980018,26634335,0.0000,1.0
2022-06-10,101.94,103.35,99.79,100.46,92.3034579041591,30958348,0.0000,1.0
2022-06-13,97.52,97.77,93.92,95.85,88.0677527385392,33421049,0.0000,1.0
2022-06-14,97.41,98.67,95.2702,96.1,88.2974547540284,31264024,0.0000,1.0
2022-06-15,95.99,96.57,93.27,94.89,87.1856969990609,29620780,0.0000,1.0
2022-06-16,92.41,93.13,90.28,91.39,83.9698687822129,35696748,0.0000,1.0
2022-06-17,90.96,91.35,85.655,86.12,79.1277502957016,64610192,0.0000,1.0
2022-06-21,88.58,92.53,88.52,91.48,84.052561507789,35951458,0.0000,1.0
2022-06-22,87.54,89.76,87.53,87.86,80.7264763235061,29769627,0.0000,1.0
2022-06-23,88.66,89.05,83.52,85.21,78.2916349593211,35757209,0.0000,1.0
2022-06-24,86.95,88.4,85.81,86.9,79.8444205840278,26638991,0.0000,1.0
2022-06-27,87.81,90.04,87.67,89.03,81.8014817559953,25478683,0.0000,1.0
2022-06-28,91.12,93.24,90.35,91.5,84.0709376690281,33123000,0.0000,1.0
2022-06-29,92.98,93.2,87.755,88.12,80.9653664196148,25400938,0.0000,1.0
2022-06-30,86.14,87.6,84.67,85.64,78.6867224259625,39948066,0.0000,1.0
2022-07-01,86.74,87.88,84.71,87.55,80.4416458242995,26327857,0.0000,1.0
2022-07-05,86.34,86.7,83.01,84.81,77.9241117345385,34601325,0.0000,1.0
2022-07-06,83.76,85.23,81.01,83.28,76.5183353997449,33375726,0.0000,1.0
2022-07-07,85.38,86.76,85.3,85.94,78.9623648445494,23817363,0.0000,1.0
2022-07-08,86.95,87.3,84.93,86.08,79.0909979732234,17673819,0.0000,1.0
2022-07-11,85.17,86.12,84.3601,85.64,78.6867224259625,15608348,0.0000,1.0
2022-07-12,83.78,85.05,82.86,84.5,77.6392812353319,21013014,0.0000,1.0
2022-07-13,83.38,86.3126,83.3,84.84,77.9516759763972,19928602,0.0000,1.0
2022-07-14,81.85,83.31,80.69,83.14,76.389702271071,26343031,0.0000,1.0
2022-07-15,84.8,84.88,82.9,84.54,77.6760335578102,17243749,0.0000,1.0
2022-07-18,86.58,87.9387,85.75,86.1,79.1093741344625,19395810,0.0000,1.0
2022-07-19,86.415,88.52,86.25,88.27,81.1031876289083,18248903,0.0000,1.0
2022-07-20,87.58,89.65,87.25,89.24,81.9944314490062,16584414,0.0000,1.0
2022-07-21,86.93,87.8,85.21,87.75,80.6254074366909,21375666,0.0000,1.0
2022-07-22,87.55,88.47,86.63,87.08,80.0098060351799,15479475,0.0000,1.0
2022-07-25,88.16,90.13,87.42,89.98,82.6743494148541,17536371,0.0000,1.0
2022-07-26,91.13,91.28,89.0,89.63,82.3527665931692,15141195,0.0000,1.0
2022-07-27,90.28,92.0,89.4,91.57,84.135254233365,18046956,0.0000,1.0
2022-07-28,92.18,93.25,91.01,92.64,85.1183788596586,20353087,0.0000,1.0
2022-07-29,94.45,97.515,94.1,96.93,89.0600654454524,29825829,0.0000,1.0
2022-08-01,94.79,95.35,93.23,94.48,86.8089856936587,20793152,0.0000,1.0
2022-08-02,94.69,95.2,93.82,94.07,86.4322743882565,16722504,0.0000,1.0
2022-08-03,94.42,94.42,90.79,91.02,83.6299097992889,23580814,0.0000,1.0
2022-08-04,90.31,90.34,86.43,87.19,80.1108749219952,31821467,0.0000,1.0
2022-08-05,86.36,89.69,86.28,88.45,81.2685730800605,17408032,0.0000,1.0
2022-08-08,88.61,89.6,88.22,88.95,81.7279771110388,14467146,0.0000,1.0
2022-08-09,90.05,91.61,89.95,90.59,83.2348223326476,19083427,0.0000,1.0
2022-08-10,90.68,91.7901,89.185,91.45,84.0249972659303,18301995,0.0000,1.0
2022-08-11,91.84,94.3,91.4391,93.19,86.4322743882565,18797867,0.8800,1.0
2022-08-12,92.48,94.02,92.11,94.0,87.1835367796557,15058217,0.0000,1.0
2022-08-15,90.53,92.73,89.66,92.32,85.6253629308278,20755230,0.0000,1.0
2022-08-16,92.03,92.89,91.29,91.46,84.8277263177373,14038213,0.0000,1.0
2022-08-17,91.27,93.21,90.92,92.2,85.5140647987687,13678045,0.0000,1.0
2022-08-18,93.15,95.31,93.09,94.38,87.5359808645096,17770365,0.0000,1.0
2022-08-19,94.16,95.2,93.8,94.08,87.2577355343618,16128557,0.0000,1.0
2022-08-22,93.42,94.4889,91.86,94.01,87.1928116239939,16019928,0.0000,1.0
2022-08-23,95.55,98.41,95.45,98.0,90.8934745149602,23764738,0.0000,1.0
2022-08-24,98.01,98.965,97.36,98.58,91.4314154865793,17050307,0.0000,1.0
2022-08-25,98.92,99.86,98.1003,99.09,91.9044325478307,15305729,0.0000,1.0
2022-08-26,98.77,99.91,97.42,97.87,90.7729015385628,15531368,0.0000,1.0
2022-08-29,98.18,101.555,98.14,100.12,92.8597415146716,22999850,0.0000,1.0
2022-08-30,98.36,98.62,95.82,96.31,89.326025821794,17086838,0.0000,1.0
2022-08-31,94.03,96.84,93.59,95.59,88.6582370294392,18340884,0.0000,1.0
2022-09-01,94.42,95.065,92.2901,93.87,87.0629638032583,16422987,0.0000,1.0
2022-09-02,96.35,96.79,95.11,95.59,88.6582370294392,18206807,0.0000,1.0
2022-09-06,96.16,96.59,94.51,94.95,88.0646469917905,18959438,0.0000,1.0
2022-09-07,93.19,94.5919,92.3,94.14,87.3133846003913,16274657,0.0000,1.0
2022-09-08,94.66,95.42,93.72,94.91,88.0275476144374,18759208,0.0000,1.0
2022-09-09,96.52,97.0,95.32,96.5,89.502247864221,17161438,0.0000,1.0
2022-09-12,97.65,99.19,96.8765,97.61,90.531755585768,16118943,0.0000,1.0
2022-09-13,96.61,97.78,94.91,95.33,88.4170910766444,18229124,0.0000,1.0
2022-09-14,96.19,98.56,96.15,97.67,90.5874046517976,22655682,0.0000,1.0
2022-09-15,96.22,96.54,94.05,94.83,87.9533488597313,21092271,0.0000,1.0
2022-09-16,95.07,95.34,92.0,93.21,86.450824076933,37874705,0.0000,1.0
2022-09-19,91.01,93.49,91.0,93.2,86.4415492325948,15342110,0.0000,1.0
2022-09-20,92.73,92.925,91.64,92.44,85.7366610628869,14712518,0.0000,1.0
2022-09-21,93.57,93.88,90.87,90.95,84.354709256486,17332419,0.0000,1.0
2022-09-22,92.2,92.66,90.52,90.57,84.0022651716321,15566555,0.0000,1.0
2022-09-23,87.5,87.5,84.85,85.75,79.5317902005902,27738816,0.0000,1.0
2022-09-26,84.9,86.22,83.89,83.98,77.8901427527179,22043356,0.0000,1.0
2022-09-27,85.61,86.955,84.81,85.74,79.5225153562519,17307293,0.0000,1.0
2022-09-28,86.12,89.2999,85.92,88.86,82.4162667897894,19543315,0.0000,1.0
2022-09-29,88.18,89.3582,87.13,88.68,82.2493195917007,17896011,0.0000,1.0
2022-09-30,88.17,89.04,87.31,87.31,80.9786659173589,21357564,0.0000,1.0
2022-10-03,90.04,92.36,89.72,91.92,85.2543691572973,23881332,0.0000,1.0
2022-10-04,93.24,95.36,92.71,95.27,88.3614420106149,22133711,0.0000,1.0
2022-10-05,95.75,99.99,95.66,99.12,91.9322570808454,34857698,0.0000,1.0
2022-10-06,98.47,102.18,98.33,102.06,94.6590613162942,29124717,0.0000,1.0
2022-10-07,102.19,103.315,100.18,101.03,93.7037523494533,24507647,0.0000,1.0
2022-10-10,101.49,102.03,98.72,98.84,91.6725614393741,16786088,0.0000,1.0
2022-10-11,97.22,99.76,96.75,98.0,90.8934745149602,17804127,0.0000,1.0
2022-10-12,97.5,98.91,97.23,98.43,91.2922928215054,12635769,0.0000,1.0
2022-10-13,97.55,102.45,97.4,101.87,94.4828392738673,22019142,0.0000,1.0
2022-10-14,101.12,102.24,99.04,99.19,91.9971809912133,15229626,0.0000,1.0
2022-10-17,101.07,101.97,100.5,100.62,93.3234837315846,14283231,0.0000,1.0
2022-10-18,101.54,102.35,99.23,100.8,93.4904309296733,14065435,0.0000,1.0
2022-10-19,101.25,103.99,101.23,103.79,96.2636093868134,20921704,0.0000,1.0
2022-10-20,104.32,105.0,103.41,103.93,96.3934572075491,17649025,0.0000,1.0
2022-10-21,104.45,106.4,103.905,105.86,98.1835021648335,22814149,0.0000,1.0
2022-10-24,105.66,107.68,105.12,106.6,98.8698406458648,17024239,0.0000,1.0
2022-10-25,106.41,107.33,105.07,105.88,98.20205185351,15719805,0.0000,1.0
2022-10-26,106.26,107.83,106.0,107.14,99.3706822401309,17390414,0.0000,1.0
2022-10-27,108.41,109.58,107.42,107.55,99.7509508579997,18214023,0.0000,1.0
2022-10-28,109.46,111.21,108.12,110.7,102.672526824552,28169441,0.0000,1.0
2022-10-31,109.5,112.91,109.44,110.81,102.774550112273,26401838,0.0000,1.0
2022-11-01,112.37,112.57,110.65,111.91,103.794782989482,22213143,0.0000,1.0
2022-11-02,111.58,112.1,109.31,109.61,101.661568791681,20661778,0.0000,1.0
2022-11-03,108.58,111.82,108.31,111.1,103.043520598082,17103672,0.0000,1.0
2022-11-04,113.0,113.5,110.8,112.31,104.165776763012,17541462,0.0000,1.0
2022-11-07,112.41,113.99,112.13,113.64,105.399331060001,16008044,0.0000,1.0
2022-11-08,113.48,114.6642,112.595,114.0,105.733225456178,14661028,0.0000,1.0
2022-11-09,113.1,113.28,108.57,108.9,101.003054843665,19522755,0.0000,1.0
2022-11-10,110.19,110.7,107.5701,110.5,102.487029937787,20146732,0.0000,1.0
2022-11-11,112.58,114.5,112.49,113.95,105.686851234487,20518854,0.0000,1.0
2022-11-14,112.63,114.64,112.49,113.37,105.992921097649,20858291,0.9100,1.0
2022-11-15,113.8,114.53,112.87,114.13,106.703467274188,19373750,0.0000,1.0
2022-11-16,113.44,114.2599,111.86,112.91,105.562853675008,13590973,0.0000,1.0
2022-11-17,111.29,113.2,110.75,113.06,105.703093051956,12435740,0.0000,1.0
2022-11-18,110.9,112.48,109.61,112.08,104.786862455893,15415025,0.0000,1.0
2022-11-21,109.99,111.2041,107.48,110.97,103.749091066474,20972978,0.0000,1.0
2022-11-22,112.21,114.47,111.43,114.18,106.750213733171,17719088,0.0000,1.0
2022-11-23,112.32,113.9488,112.1,113.61,106.217304100767,11546685,0.0000,1.0
2022-11-25,113.88,114.61,113.06,113.21,105.843332428904,7136013,0.0000,1.0
2022-11-28,110.66,111.46,109.62,109.81,102.664573218073,23017671,0.0000,1.0
2022-11-29,110.61,111.8,109.792,110.54,103.347071519222,14453174,0.0000,1.0
2022-11-30,111.54,111.9,109.78,111.34,104.095014862947,23158059,0.0000,1.0
2022-12-01,111.64,112.07,110.18,110.8,103.590153105932,14398314,0.0000,1.0
2022-12-02,109.51,111.71,109.2,109.86,102.711319677055,15248385,0.0000,1.0
2022-12-05,110.7,111.36,105.94,106.85,99.8971828462895,19287746,0.0000,1.0
2022-12-06,105.9,107.04,103.145,103.88,97.1204431827099,21196977,0.0000,1.0
2022-12-07,103.78,104.8548,102.37,103.65,96.905409471389,20061729,0.0000,1.0
2022-12-08,106.28,106.795,103.71,104.42,97.6253049397244,21128762,0.0000,1.0
2022-12-09,104.59,105.95,103.3,103.54,96.8025672616268,21298194,0.0000,1.0
2022-12-12,103.83,106.24,103.585,106.09,99.1866366697507,20413173,0.0000,1.0
2022-12-13,107.8,108.54,107.02,107.25,100.271154518152,24305345,0.0000,1.0
2022-12-14,107.99,108.3,105.75,106.46,99.5325604662235,17597334,0.0000,1.0
2022-12-15,105.33,106.17,103.7,105.44,98.578932702974,15367888,0.0000,1.0
2022-12-16,103.69,105.58,103.1301,104.7,97.8870851100282,54596623,0.0000,1.0
2022-12-19,105.26,106.2,104.38,105.17,98.3265018244667,13611124,0.0000,1.0
2022-12-20,105.17,107.51,105.07,106.69,99.7475941775445,14680004,0.0000,1.0
2022-12-21,108.29,108.585,107.16,108.06,101.028447153674,13565365,0.0000,1.0
2022-12-22,107.89,108.19,104.1,105.88,98.9903015420228,13215496,0.0000,1.0
2022-12-23,106.95,108.74,106.9,108.68,101.608103245061,11539448,0.0000,1.0
2022-12-27,109.27,110.465,108.83,110.19,103.019846306342,11962058,0.0000,1.0
2022-12-28,109.91,110.0,107.902,108.38,101.327624491164,10702075,0.0000,1.0
2022-12-29,107.99,109.72,107.99,109.2,102.094266418482,10534028,0.0000,1.0
2022-12-30,108.61,110.5,108.61,110.3,103.122688516104,11799640,0.0000,1.0
2023-01-03,109.78,110.02,105.49,106.51,99.5793069252064,15146168,0.0000,1.0
2023-01-04,104.8,107.155,104.76,106.82,99.8691349708998,18058396,0.0000,1.0
2023-01-05,106.34,109.95,106.31,109.21,102.103615710279,15946559,0.0000,1.0
2023-01-06,110.08,111.99,109.67,110.53,103.337722227425,16348131,0.0000,1.0
2023-01-09,111.64,111.64,107.81,108.47,101.411768117333,17964591,0.0000,1.0
2023-01-10,109.79,110.33,108.005,110.09,102.926353388376,15104595,0.0000,1.0
2023-01-11,110.99,111.45,109.085,111.37,104.123062738337,16710366,0.0000,1.0
2023-01-12,111.82,113.74,111.74,113.22,105.852681720701,15357321,0.0000,1.0
2023-01-13,113.11,113.49,112.16,113.15,105.787236678125,12011358,0.0000,1.0
2023-01-17,113.41,114.08,112.67,112.93,105.581552258601,16542201,0.0000,1.0
2023-01-18,113.26,114.12,110.3987,110.61,103.412516561798,16399690,0.0000,1.0
2023-01-19,110.07,112.13,109.58,111.32,104.076316279354,12928021,0.0000,1.0
2023-01-20,111.36,113.44,110.61,113.35,105.974222514056,16515614,0.0000,1.0
2023-01-23,113.64,114.59,112.64,112.76,105.422614298059,16584422,0.0000,1.0
2023-01-24,109.16,114.02,104.87,113.81,106.404289936698,13583000,0.0000,1.0
2023-01-25,113.23,113.65,111.39,113.21,105.843332428904,11914727,0.0000,1.0
2023-01-26,114.72,117.78,114.335,117.76,110.097260196341,21019678,0.0000,1.0
2023-01-27,116.95,117.67,115.39,115.61,108.08716246008,15179207,0.0000,1.0
2023-01-30,115.09,115.49,113.1519,113.56,106.170557641784,18672053,0.0000,1.0
2023-01-31,112.1,116.4,110.43,116.01,108.461134131942,27861849,0.0000,1.0
2023-02-01,115.83,117.38,113.34,114.74,107.273774073779,19464873,0.0000,1.0
2023-02-02,114.85,115.07,109.83,111.15,103.917378318812,24562123,0.0000,1.0
2023-02-03,111.9,114.11,111.56,111.92,104.637273787148,20226609,0.0000,1.0
2023-02-06,112.36,113.09,110.32,111.73,104.459637243013,13855205,0.0000,1.0
2023-02-07,112.39,115.31,112.021,114.92,107.442061326117,16013314,0.0000,1.0
2023-02-08,115.05,115.83,113.85,113.92,106.50713214646,18459678,0.0000,1.0
2023-02-09,114.62,116.24,114.18,114.35,106.909151693713,17439311,0.0000,1.0
2023-02-10,116.51,119.63,116.16,119.17,111.415510339657,24918616,0.0000,1.0
2023-02-13,117.72,118.18,115.9,117.8,110.985442917015,14536241,0.9100,1.0
2023-02-14,117.01,117.81,116.0169,116.42,109.685273891332,12078992,0.0000,1.0
2023-02-15,115.72,116.09,114.14,116.07,109.355520877571,13673360,0.0000,1.0
2023-02-16,115.31,116.78,114.8,115.73,109.03518937849,11360604,0.0000,1.0
2023-02-17,114.19,114.19,110.9799,111.28,104.842615346396,20758331,0.0000,1.0
2023-02-21,110.81,112.38,110.81,111.17,104.738978684928,14469431,0.0000,1.0
2023-02-22,110.48,110.97,108.64,109.73,103.382280571172,13973841,0.0000,1.0
2023-02-23,110.73,111.83,109.9,110.74,104.333853553737,11289402,0.0000,1.0
2023-02-24,109.33,110.96,109.02,110.75,104.343275068416,14351036,0.0000,1.0
2023-02-27,110.8,111.26,109.9601,110.55,104.154844774839,11710453,0.0000,1.0
2023-02-28,111.24,111.36,109.22,109.91,103.551867835391,18107031,0.0000,1.0
2023-03-01,109.31,111.86,109.24,110.89,104.47517627392,13199955,0.0000,1.0
2023-03-02,110.615,111.695,110.17,111.4,104.955673522542,10343084,0.0000,1.0
2023-03-03,110.05,113.37,109.95,112.81,106.284107092262,13006713,0.0000,1.0
2023-03-06,111.99,113.84,111.87,113.81,107.226258560148,14347410,0.0000,1.0
2023-03-07,112.81,113.17,111.17,111.61,105.153525330798,11525289,0.0000,1.0
2023-03-08,111.23,112.42,109.065,109.98,103.617818438143,13509818,0.0000,1.0
2023-03-09,110.87,112.23,109.03,109.13,102.81698969044,12961244,0.0000,1.0
2023-03-10,109.56,111.035,107.15,107.78,101.545085208793,15795666,0.0000,1.0
2023-03-13,105.34,107.86,103.72,106.54,100.376817388614,20745625,0.0000,1.0
2023-03-14,106.35,109.01,104.96,106.94,100.753677975769,18263512,0.0000,1.0
2023-03-15,102.82,104.2,100.2203,101.62,95.7414321666133,25733781,0.0000,1.0
2023-03-16,99.11,101.68,98.02,101.03,95.1855628005603,27476133,0.0000,1.0
2023-03-17,100.6,101.6149,99.14,99.84,94.0644025537755,43199470,0.0000,1.0
2023-03-20,99.63,102.48,99.5,102.45,96.523417884959,32042106,0.0000,1.0
2023-03-21,104.17,107.28,104.13,107.04,100.847893122557,31592310,0.0000,1.0
2023-03-22,106.8,107.175,104.56,104.59,98.5396220262358,14952666,0.0000,1.0
2023-03-23,105.36,106.34,102.44,103.41,97.4278832941299,14385865,0.0000,1.0
2023-03-24,101.47,103.85,100.9132,103.53,97.5409414702763,13405812,0.0000,1.0
2023-03-27,104.74,106.48,103.91,105.8,99.6796253023783,14805911,0.0000,1.0
2023-03-28,105.44,107.65,105.19,107.12,100.923265239988,11047587,0.0000,1.0
2023-03-29,108.06,109.16,107.49,108.96,102.656823940899,14219122,0.0000,1.0
2023-03-30,109.55,109.57,108.52,109.49,103.156164218879,11578171,0.0000,1.0
2023-03-31,109.68,110.17,109.0499,109.66,103.31632996842,14417961,0.0000,1.0
2023-04-03,113.39,116.85,113.12,116.13,109.412049965645,28087681,0.0000,1.0
2023-04-04,116.26,116.7,114.17,115.02,108.366261836291,16365489,0.0000,1.0
2023-04-05,115.35,117.0,114.31,116.99,110.222300228027,16479469,0.0000,1.0
2023-04-06,116.86,117.18,114.77,115.05,108.394526380327,15777957,0.0000,1.0
2023-04-10,114.78,116.18,114.17,114.54,107.914029131705,13006552,0.0000,1.0
2023-04-11,114.96,116.1999,114.38,115.35,108.677171820693,11758461,0.0000,1.0
2023-04-12,116.16,116.59,114.93,115.23,108.564113644547,10919022,0.0000,1.0
2023-04-13,114.6,115.89,114.13,115.77,109.072875437205,12399652,0.0000,1.0
2023-04-14,115.9,116.66,115.12,116.05,109.336677848214,11530828,0.0000,1.0
2023-04-17,115.49,116.51,114.42,114.7,108.064773366567,13238679,0.0000,1.0
2023-04-18,114.39,117.21,114.3,116.94,110.175192654633,17436140,0.0000,1.0
2023-04-19,116.08,116.9,115.77,116.57,109.826596611515,10682605,0.0000,1.0
2023-04-20,115.125,115.68,113.2298,115.64,108.95039574638,17038747,0.0000,1.0
2023-04-21,116.49,116.88,115.26,116.01,109.298991789498,14315329,0.0000,1.0
2023-04-24,115.92,118.885,115.88,118.2,111.362303504169,15831314,0.0000,1.0
2023-04-25,117.55,117.74,115.63,116.52,109.77948903812,12179825,0.0000,1.0
2023-04-26,116.03,117.09,114.68,115.45,108.771386967482,15241048,0.0000,1.0
2023-04-27,115.62,117.01,114.8818,116.83,110.071555993165,16279188,0.0000,1.0
2023-04-28,117.25,119.92,116.83,118.34,111.494204709673,24381946,0.0000,1.0
2023-05-01,115.99,117.3,114.45,114.67,108.03650882253,17354987,0.0000,1.0
2023-05-02,113.94,113.94,109.29,110.1,103.73087661429,24324102,0.0000,1.0
2023-05-03,109.08,109.81,107.755,107.93,101.686407928976,16212343,0.0000,1.0
2023-05-04,107.9,108.75,105.91,106.04,99.9057416546711,17177150,0.0000,1.0
2023-05-05,108.55,109.43,107.53,108.68,102.393021529891,14968197,0.0000,1.0
2023-05-08,110.5,110.97,109.04,109.11,102.798146661082,11187752,0.0000,1.0
2023-05-09,108.34,110.23,108.21,109.14,102.826411205119,11370769,0.0000,1.0
2023-05-10,109.74,110.01,106.71,107.74,101.507399150078,14884793,0.0000,1.0
2023-05-11,106.49,106.82,104.933,105.79,99.6702037876995,17165897,0.0000,1.0
2023-05-12,106.31,107.01,104.775,105.78,99.6607822730206,12613254,0.0000,1.0
2023-05-15,105.51,105.925,104.58,105.07,99.8492125665979,13715576,0.9100,1.0
2023-05-16,104.63,104.81,102.02,102.52,97.4259186478311,14800200,0.0000,1.0
2023-05-17,103.39,105.23,102.85,104.82,99.6116347314247,14064742,0.0000,1.0
2023-05-18,104.55,105.91,104.13,105.77,100.514430505083,12005609,0.0000,1.0
2023-05-19,106.57,107.05,105.82,106.26,100.980083062022,13359630,0.0000,1.0
2023-05-22,105.84,107.04,104.88,104.97,99.7541814325286,12882000,0.0000,1.0
2023-05-23,105.99,108.22,105.75,106.4,101.113126649719,14394440,0.0000,1.0
2023-05-24,107.38,108.51,106.73,107.59,102.243997145144,16340293,0.0000,1.0
2023-05-25,105.94,106.43,104.71,105.66,100.409896257607,14316463,0.0000,1.0
2023-05-26,106.47,106.95,104.8327,104.97,99.7541814325286,12370326,0.0000,1.0
2023-05-30,103.29,104.12,102.61,104.04,98.8703918856842,11938025,0.0000,1.0
2023-05-31,102.29,103.04,101.74,102.18,97.1028127919955,24340862,0.0000,1.0
2023-06-01,101.75,105.58,101.26,103.36,98.2241801740131,13551936,0.0000,1.0
2023-06-02,105.16,106.13,104.53,105.76,100.504927391676,14112041,0.0000,1.0
2023-06-05,107.19,107.19,105.09,105.29,100.05828106155,10628000,0.0000,1.0
2023-06-06,104.15,106.27,103.98,106.15,100.875548814546,12209768,0.0000,1.0
2023-06-07,106.79,108.89,106.73,108.53,103.137289805395,16027086,0.0000,1.0
2023-06-08,108.77,109.14,105.9,108.19,102.81418394956,13517919,0.0000,1.0
2023-06-09,108.455,108.61,107.16,107.39,102.053934877005,12252531,0.0000,1.0
2023-06-12,105.81,107.06,105.555,106.42,101.132132876533,14115160,0.0000,1.0
2023-06-13,107.38,108.34,106.275,106.44,101.151139103347,13533780,0.0000,1.0
2023-06-14,107.45,108.11,104.39,105.16,99.9347405872602,16627681,0.0000,1.0
2023-06-15,105.5,107.03,105.44,105.89,100.628467865966,16224117,0.0000,1.0
2023-06-16,106.36,106.77,104.955,105.13,99.9062312470394,43128871,0.0000,1.0
2023-06-20,104.68,104.77,102.12,102.72,97.6159809159697,17519379,0.0000,1.0
2023-06-21,102.5,104.63,102.33,103.87,98.7088389577665,13285741,0.0000,1.0
2023-06-22,102.84,103.885,102.65,103.3,98.1671614935715,12458807,0.0000,1.0
2023-06-23,102.59,102.82,101.62,102.4,97.311881286948,17933599,0.0000,1.0
2023-06-26,102.2,104.905,102.2,104.29,99.1079697208575,14283407,0.0000,1.0
2023-06-27,104.045,104.61,103.27,104.55,99.3550506694376,13227486,0.0000,1.0
2023-06-28,104.305,105.82,103.2,105.4,100.162815309027,13084062,0.0000,1.0
2023-06-29,105.66,106.73,105.13,106.7,101.398220051927,11364436,0.0000,1.0
2023-06-30,107.32,107.875,106.8101,107.25,101.920891289308,13544664,0.0000,1.0
2023-07-03,107.49,108.46,107.07,107.46,102.120456670854,7396992,0.0000,1.0
2023-07-05,107.63,107.92,106.1,106.91,101.597785433473,12491205,0.0000,1.0
2023-07-06,105.09,105.72,102.43,102.92,97.8060431841082,17964883,0.0000,1.0
2023-07-07,101.92,104.0,101.56,103.16,98.0341179058745,21929158,0.0000,1.0
2023-07-10,102.97,104.75,102.75,104.69,99.4880942571346,14877615,0.0000,1.0
2023-07-11,105.26,106.16,104.81,105.97,100.704492773221,12581080,0.0000,1.0
2023-07-12,107.0,107.65,106.13,106.49,101.198654670382,13238236,0.0000,1.0
2023-07-13,105.97,106.23,103.32,104.54,99.3455475560307,26826838,0.0000,1.0
2023-07-14,104.05,104.05,100.53,100.94,95.9244267295364,28181920,0.0000,1.0
2023-07-17,100.72,101.665,100.22,101.38,96.3425637194412,18055849,0.0000,1.0
2023-07-18,100.92,102.2,100.34,100.92,95.9054205027225,24617795,0.0000,1.0
2023-07-19,101.05,102.4,100.8,101.62,96.5706384412075,15556541,0.0000,1.0
2023-07-20,102.535,103.66,102.36,103.41,98.2716957410477,15740202,0.0000,1.0
2023-07-21,104.16,104.38,103.26,103.89,98.7278451845803,17121487,0.0000,1.0
2023-07-24,104.36,106.16,103.96,105.52,100.27685266991,15090856,0.0000,1.0
2023-07-25,105.06,106.0901,104.54,105.68,100.428902484421,14116084,0.0000,1.0
2023-07-26,105.11,105.72,104.6391,105.09,99.8682187934117,15159624,0.0000,1.0
2023-07-27,106.0,106.99,104.74,105.42,100.18182153584,17677887,0.0000,1.0
2023-07-28,105.11,105.16,102.32,104.16,98.9844292465674,17571675,0.0000,1.0
2023-07-31,105.19,107.86,105.19,107.24,101.911388175901,24200295,0.0000,1.0
2023-08-01,106.95,107.32,105.53,106.62,101.322195144672,14212939,0.0000,1.0
2023-08-02,106.26,106.375,104.57,105.29,100.05828106155,13489809,0.0000,1.0
2023-08-03,105.89,107.88,105.3,107.12,101.797350815018,16283107,0.0000,1.0
2023-08-04,107.96,109.24,107.33,107.42,102.082444217226,14279634,0.0000,1.0
2023-08-07,107.9,108.42,106.505,107.2,101.873375722274,12410827,0.0000,1.0
2023-08-08,106.04,107.75,104.835,107.73,102.377040732841,14065573,0.0000,1.0
2023-08-09,108.71,110.415,108.31,109.56,104.116110486309,19919601,0.0000,1.0
2023-08-10,110.19,111.63,109.44,110.12,104.648284837097,15837170,0.0000,1.0
2023-08-11,110.37,112.07,110.05,111.83,106.273317229682,14047044,0.0000,1.0
2023-08-14,111.68,111.98,110.78,111.92,106.358845250344,12973383,0.0000,1.0
2023-08-15,110.745,110.86,107.965,108.16,103.650457929369,14909578,0.9100,1.0
2023-08-16,108.28,109.33,106.275,106.34,101.906339646904,13695121,0.0000,1.0
2023-08-17,107.42,110.145,107.42,108.4,103.880451549035,16709544,0.0000,1.0
2023-08-18,107.64,110.195,107.62,110.04,105.452074616751,16223953,0.0000,1.0
2023-08-21,110.36,110.9793,108.1416,108.71,104.177526641103,11092380,0.0000,1.0
2023-08-22,109.17,109.72,107.95,108.1,103.592959524453,10520842,0.0000,1.0
2023-08-23,107.04,107.3,105.72,107.15,102.682568113276,11435553,0.0000,1.0
2023-08-24,106.42,107.765,106.07,106.35,101.91592271439,10818478,0.0000,1.0
2023-08-25,107.43,108.93,106.62,108.25,103.736705536744,13579304,0.0000,1.0
2023-08-28,108.45,110.04,108.44,109.16,104.608764677977,10382122,0.0000,1.0
2023-08-29,109.66,110.02,108.42,109.81,105.231664064571,9665010,0.0000,1.0
2023-08-30,110.44,111.14,109.98,110.88,106.257052285581,11922060,0.0000,1.0
2023-08-31,111.12,111.4166,110.615,111.19,106.554127377649,17479834,0.0000,1.0
2023-09-01,112.2,113.82,112.2,113.52,108.786982101905,14843482,0.0000,1.0
2023-09-05,114.1,115.825,113.5,113.53,108.796565169391,18304013,0.0000,1.0
2023-09-06,113.48,114.59,113.23,114.51,109.735705783026,13325542,0.0000,1.0
2023-09-07,114.65,115.85,113.7,113.95,109.199054003806,13248541,0.0000,1.0
2023-09-08,114.53,116.05,114.32,115.61,110.789843206494,14286483,0.0000,1.0
2023-09-11,116.18,116.68,113.565,114.16,109.400298421013,14383562,0.0000,1.0
2023-09-12,115.34,117.665,115.27,117.49,112.591459893876,20145761,0.0000,1.0
2023-09-13,117.41,117.96,115.9,116.44,111.585237807838,13472800,0.0000,1.0
2023-09-14,117.55,118.66,117.33,118.52,113.578515844941,15210701,0.0000,1.0
2023-09-15,117.9,118.51,116.5,116.7,111.834397562476,34568393,0.0000,1.0
2023-09-18,117.53,118.24,116.7,117.64,112.735205906167,14045311,0.0000,1.0
2023-09-19,118.62,118.84,116.61,117.33,112.438130814099,12569724,0.0000,1.0
2023-09-20,116.54,118.02,116.32,116.4,111.546905537894,11883207,0.0000,1.0
2023-09-21,116.98,117.37,114.6,114.76,109.975282470178,14409635,0.0000,1.0
2023-09-22,115.705,116.68,114.805,114.94,110.147777684927,13200212,0.0000,1.0
2023-09-25,115.09,116.645,114.83,116.23,111.38399339063,11316012,0.0000,1.0
2023-09-26,115.5,116.73,115.37,116.41,111.55648860538,11805429,0.0000,1.0
2023-09-27,117.89,120.5,117.4,120.2,115.188471182602,23976160,0.0000,1.0
2023-09-28,119.98,120.7,118.19,119.47,114.488907256118,16808116,0.0000,1.0
2023-09-29,119.1,119.18,116.733,117.58,112.67770750125,18813565,0.0000,1.0
2023-10-02,117.53,117.79,114.55,115.63,110.809009341466,14394999,0.0000,1.0
2023-10-03,115.44,116.44,115.0341,115.83,111.000670691188,13297056,0.0000,1.0
2023-10-04,114.05,114.09,110.5018,111.5,106.851202469718,19622226,0.0000,1.0
2023-10-05,109.8,110.9,108.7,108.99,104.445852530713,20128783,0.0000,1.0
2023-10-06,105.73,108.27,105.11,107.17,102.701734248248,25367466,0.0000,1.0
2023-10-09,110.44,112.07,109.52,110.92,106.295384555526,22369887,0.0000,1.0
2023-10-10,111.02,111.45,110.12,110.45,105.84498038368,13891952,0.0000,1.0
2023-10-11,106.96,107.17,104.83,106.49,102.050085659195,57939024,0.0000,1.0
2023-10-12,107.59,107.84,106.09,106.47,102.030919524223,31182957,0.0000,1.0
2023-10-13,108.03,110.2,107.84,109.87,105.289162469488,30290328,0.0000,1.0
2023-10-16,110.5,110.68,109.13,109.95,105.365827009376,18451996,0.0000,1.0
2023-10-17,109.73,111.8,109.68,111.39,106.745788727371,19775440,0.0000,1.0
2023-10-18,111.82,113.39,111.7,112.95,108.240747255198,23380266,0.0000,1.0
2023-10-19,112.72,113.965,111.325,113.02,108.307828727601,20972488,0.0000,1.0
2023-10-20,112.92,113.32,110.79,111.08,106.448713635303,22445269,0.0000,1.0
2023-10-23,110.63,110.96,108.675,109.45,104.886673635073,18184950,0.0000,1.0
2023-10-24,109.7,109.82,108.12,108.39,103.870868481549,16786108,0.0000,1.0
2023-10-25,108.52,109.5,108.13,108.59,104.06252983127,22047319,0.0000,1.0
2023-10-26,107.45,108.34,106.495,107.6,103.113806150149,18768285,0.0000,1.0
2023-10-27,108.89,109.86,104.96,105.55,101.149277315504,23092017,0.0000,1.0
2023-10-30,105.74,106.42,105.2122,105.88,101.465518542545,19379917,0.0000,1.0
2023-10-31,105.58,106.16,104.54,105.85,101.436769340086,22185150,0.0000,1.0
2023-11-01,106.53,107.165,105.46,105.64,101.235524922879,28984865,0.0000,1.0
2023-11-02,105.88,109.19,105.5,109.11,104.560849340546,25212686,0.0000,1.0
2023-11-03,108.4,108.78,106.54,107.78,103.286301364898,30555554,0.0000,1.0
2023-11-06,108.17,108.27,105.77,105.87,101.455935475058,19097267,0.0000,1.0
2023-11-07,104.47,104.86,103.29,104.21,99.8651462723703,20272486,0.0000,1.0
2023-11-08,103.73,104.9,102.89,102.93,98.6385136341529,19184067,0.0000,1.0
2023-11-09,103.67,103.97,102.855,102.96,98.6672628366111,18380538,0.0000,1.0
2023-11-10,103.93,104.41,102.905,103.75,99.4243251680109,17831341,0.0000,1.0
2023-11-13,104.05,105.135,103.805,104.84,100.468879523993,15308382,0.0000,1.0
2023-11-14,104.3,104.815,103.87,104.29,100.852202223436,18260516,0.9500,1.0
2023-11-15,103.96,105.15,103.5,103.66,100.242969436009,20137561,0.0000,1.0
2023-11-16,102.9,103.27,101.15,102.46,99.0825260313859,22469073,0.0000,1.0
2023-11-17,103.06,105.43,102.75,104.96,101.500116457684,22991823,0.0000,1.0
2023-11-20,105.38,105.88,104.43,104.5,101.055279819245,17464016,0.0000,1.0
2023-11-21,104.21,104.695,103.215,104.46,101.016598372424,14988984,0.0000,1.0
2023-11-22,102.58,104.12,101.94,104.01,100.581432095691,18073240,0.0000,1.0
2023-11-24,104.02,105.465,103.91,104.57,101.122972351181,9480768,0.0000,1.0
2023-11-27,104.1,104.4,103.18,103.96,100.533080287165,18013518,0.0000,1.0
2023-11-28,104.24,104.91,103.88,103.9,100.475058116933,20629512,0.0000,1.0
2023-11-29,104.27,104.58,101.64,102.34,98.9664816909236,26802092,0.0000,1.0
2023-11-30,103.11,104.4778,101.81,102.74,99.3532961591312,29254687,0.0000,1.0
2023-12-01,102.5,104.22,102.22,102.99,99.595055201761,17845276,0.0000,1.0
2023-12-04,102.13,103.36,101.59,102.43,99.0535149462703,21523942,0.0000,1.0
2023-12-05,102.27,102.34,100.29,100.44,97.1291129669373,22250251,0.0000,1.0
2023-12-06,100.0,100.72,98.34,99.11,95.842954860147,31117498,0.0000,1.0
2023-12-07,99.86,100.835,98.09,98.42,95.1756999024888,29990727,0.0000,1.0
2023-12-08,99.02,99.7867,98.75,99.55,96.2684507751754,22074945,0.0000,1.0
2023-12-11,99.8,99.86,98.58,99.62,96.3361433071117,22252250,0.0000,1.0
2023-12-12,98.68,98.68,97.48,98.05,94.8178965193967,26083964,0.0000,1.0
2023-12-13,98.04,99.03,97.655,98.92,95.6592179877483,19915444,0.0000,1.0
2023-12-14,99.85,102.135,99.72,101.58,98.2315342013291,26165653,0.0000,1.0
2023-12-15,100.59,101.0,100.31,100.9,97.5739496053761,55527018,0.0000,1.0
2023-12-18,102.13,103.11,101.52,101.65,98.2992267332655,21610428,0.0000,1.0
2023-12-19,102.0,103.19,101.79,102.99,99.595055201761,18873407,0.0000,1.0
2023-12-20,103.5,103.94,101.125,101.27,97.9317529884682,20988863,0.0000,1.0
2023-12-21,101.47,102.005,100.805,101.73,98.376589626907,19250933,0.0000,1.0
2023-12-22,102.31,102.94,101.82,101.91,98.5506561376004,12927831,0.0000,1.0
2023-12-26,102.74,103.03,102.115,102.14,98.7730744568198,16835144,0.0000,1.0
2023-12-27,102.04,102.55,101.335,101.66,98.3088970949706,14535713,0.0000,1.0
2023-12-28,101.39,101.61,100.13,100.19,96.8873539243076,16329252,0.0000,1.0
2023-12-29,100.37,100.59,99.62,99.98,96.6842763284986,17746408,0.0000,1.0
2024-01-02,100.92,103.1,100.85,102.36,98.985822414334,23483049,0.0000,1.0
2024-01-03,102.27,103.62,101.66,103.22,99.8174735209804,23490779,0.0000,1.0
2024-01-04,104.08,104.57,102.05,102.32,98.9471409675132,19395154,0.0000,1.0
2024-01-05,103.17,103.3987,102.125,102.63,99.2469221803742,15712338,0.0000,1.0
2024-01-08,100.73,101.04,98.9,100.92,97.5932903287865,23370127,0.0000,1.0
2024-01-09,101.29,101.29,99.19,99.67,96.3844951156376,19496647,0.0000,1.0
2024-01-10,99.8,99.8,98.16,98.69,95.4367996685289,18206088,0.0000,1.0
2024-01-11,99.04,99.5,98.56,98.67,95.4174589451186,15833360,0.0000,1.0
2024-01-12,100.14,100.65,99.1703,99.95,96.655265243383,18041683,0.0000,1.0
2024-01-16,99.82,100.01,97.53,97.69,94.4697634980099,20235699,0.0000,1.0
2024-01-17,96.6,97.96,96.58,96.98,93.7831678169413,18384015,0.0000,1.0
2024-01-18,97.0,97.09,95.82,96.8,93.6091013062479,20940275,0.0000,1.0
2024-01-19,96.72,97.0156,96.41,96.95,93.7541567318257,20088432,0.0000,1.0
2024-01-22,96.7,97.095,95.77,96.82,93.6284420296582,19955946,0.0000,1.0
2024-01-23,96.81,98.5,96.73,97.91,94.6825114555241,15863433,0.0000,1.0
2024-01-24,98.32,99.65,97.74,99.6,96.3168025837013,17114423,0.0000,1.0
2024-01-25,100.31,102.18,99.615,102.13,98.7634040951146,22089510,0.0000,1.0
2024-01-26,101.97,103.08,101.1901,103.0,99.6047255634662,20817240,0.0000,1.0
2024-01-29,102.98,103.2,101.86,103.13,99.7304402656337,18317549,0.0000,1.0
2024-01-30,102.41,104.88,102.1,104.85,101.393742478927,19610934,0.0000,1.0
2024-01-31,104.74,104.88,102.7714,102.81,99.4209886910676,22415291,0.0000,1.0
2024-02-01,103.57,104.01,101.62,102.39,99.0148334994496,19240687,0.0000,1.0
2024-02-02,103.75,104.0,101.611,101.97,98.6086783078316,21973405,0.0000,1.0
2024-02-05,101.45,102.38,100.5,101.55,98.2025231162135,17190890,0.0000,1.0
2024-02-06,102.07,103.04,101.57,102.25,98.8794484355769,13353286,0.0000,1.0
2024-02-07,102.25,102.73,101.18,102.22,98.8504373504613,13826832,0.0000,1.0
2024-02-08,102.34,104.42,102.11,103.97,100.54275064887,19636898,0.0000,1.0
2024-02-09,104.1,104.84,101.7,101.77,98.4152710737277,20410510,0.0000,1.0
2024-02-12,102.16,103.4,102.0,103.17,99.7691217124545,18173061,0.0000,1.0
2024-02-13,102.76,103.09,100.6,101.34,98.9181298823977,18917431,0.9500,1.0
2024-02-14,101.87,102.615,100.42,100.84,98.4300791132917,17651253,0.0000,1.0
2024-02-15,100.6,103.935,100.6,103.73,101.251012558724,23196310,0.0000,1.0
2024-02-16,104.01,104.63,103.52,103.73,101.251012558724,20151426,0.0000,1.0
2024-02-20,103.84,104.12,102.645,102.75,100.294433051277,17650010,0.0000,1.0
2024-02-21,103.02,104.98,102.99,104.85,102.344246281522,20999189,0.0000,1.0
2024-02-22,104.16,105.41,103.45,104.76,102.256397143083,20470668,0.0000,1.0
2024-02-23,103.88,104.09,102.88,103.84,101.358383727928,15975888,0.0000,1.0
2024-02-26,103.72,104.935,103.05,104.25,101.758585358594,13360800,0.0000,1.0
2024-02-27,104.68,105.15,103.85,104.03,101.543843020188,16359978,0.0000,1.0
2024-02-28,104.47,105.43,104.0,104.32,101.826912466269,14810486,0.0000,1.0
2024-02-29,104.675,105.07,104.215,104.52,102.022132773912,17566066,0.0000,1.0
2024-03-01,105.72,106.39,105.375,105.84,103.310586804351,18460120,0.0000,1.0
2024-03-04,105.66,105.85,104.03,104.36,101.865956527798,18137989,0.0000,1.0
2024-03-05,104.53,106.27,104.32,105.64,103.115366496709,19952712,0.0000,1.0
2024-03-06,106.62,107.57,106.15,106.77,104.218361234888,20472790,0.0000,1.0
2024-03-07,106.6,107.98,106.6,107.37,104.804022157816,15195406,0.0000,1.0
2024-03-08,107.23,108.4,106.77,108.38,105.78988471141,16281468,0.0000,1.0
2024-03-11,108.25,109.12,107.34,109.02,106.414589695865,17497332,0.0000,1.0
2024-03-12,109.06,109.28,108.025,108.32,105.731318619117,14908295,0.0000,1.0
2024-03-13,109.14,110.35,109.1101,109.53,106.912401480353,17063937,0.0000,1.0
2024-03-14,109.83,111.55,109.69,111.47,108.806038464485,20908213,0.0000,1.0
2024-03-15,110.85,112.3,110.85,111.27,108.610818156842,38264401,0.0000,1.0
2024-03-18,111.79,112.86,111.1,112.3,109.616202741201,16770462,0.0000,1.0
2024-03-19,112.22,113.485,112.06,113.09,110.387322956388,14878756,0.0000,1.0
2024-03-20,112.72,113.4,112.13,112.99,110.289712802567,16119703,0.0000,1.0
2024-03-21,112.92,113.91,112.57,113.49,110.777763571673,14878022,0.0000,1.0
2024-03-22,113.48,113.685,112.8239,113.49,110.777763571673,14701933,0.0000,1.0
2024-03-25,113.83,115.775,113.83,114.65,111.910041355999,14011734,0.0000,1.0
2024-03-26,114.66,114.98,113.41,113.79,111.070594033136,13152287,0.0000,1.0
2024-03-27,113.48,115.06,113.41,114.97,112.222393848226,12415674,0.0000,1.0
2024-03-28,115.53,116.45,115.06,116.24,113.462042801756,18482055,0.0000,1.0
2024-04-01,116.41,117.24,115.38,116.99,114.194118955414,13411510,0.0000,1.0
2024-04-02,117.92,119.6,117.33,119.28,116.42939147792,19796655,0.0000,1.0
2024-04-03,119.48,119.7479,118.73,119.3,116.448913508684,16396047,0.0000,1.0
2024-04-04,119.05,119.88,118.64,119.72,116.858876154733,18201990,0.0000,1.0
2024-04-05,119.98,122.15,119.64,121.37,118.469443692783,21676088,0.0000,1.0
2024-04-08,121.08,121.735,120.205,120.55,117.669040431449,17419765,0.0000,1.0
2024-04-09,121.0,121.6492,120.34,121.18,118.283984400523,14090449,0.0000,1.0
2024-04-10,121.22,122.47,120.73,122.2,119.279607969499,17409184,0.0000,1.0
2024-04-11,122.69,122.69,120.34,121.79,118.879406338832,17555869,0.0000,1.0
2024-04-12,122.95,123.75,119.67,120.37,117.493342154571,21556218,0.0000,1.0
2024-04-15,121.09,121.69,119.45,119.68,116.819832093205,15029528,0.0000,1.0
2024-04-16,119.555,120.22,117.92,118.69,115.853491570375,18082228,0.0000,1.0
2024-04-17,118.55,119.35,117.12,118.63,115.794925478082,14538577,0.0000,1.0
2024-04-18,119.0,119.72,117.97,118.52,115.687554308879,13821356,0.0000,1.0
2024-04-19,119.155,120.925,118.95,119.88,117.015052400847,21572367,0.0000,1.0
2024-04-22,119.26,121.565,118.43,120.56,117.678801446831,16340694,0.0000,1.0
2024-04-23,120.0,121.06,119.45,121.03,118.137569169791,13929816,0.0000,1.0
2024-04-24,120.3,121.255,119.39,121.05,118.157091200555,12101161,0.0000,1.0
2024-04-25,121.03,121.76,119.4,121.33,118.430399631254,16041029,0.0000,1.0
2024-04-26,119.0,119.1,116.22,117.96,115.14093744748,27289468,0.0000,1.0
2024-04-29,117.76,120.05,117.76,119.64,116.780788031676,17343755,0.0000,1.0
2024-04-30,119.11,120.2,117.98,118.27,115.443528924326,21083294,0.0000,1.0
2024-05-01,118.28,118.47,115.66,116.03,113.257061478731,27789759,0.0000,1.0
2024-05-02,116.26,117.26,115.9,116.24,113.462042801756,25513648,0.0000,1.0
2024-05-03,116.0,116.07,114.13,116.0,113.227778432585,28023313,0.0000,1.0
2024-05-06,116.67,118.34,116.4,116.75,113.959854586244,31401260,0.0000,1.0
2024-05-07,117.28,117.58,115.93,116.17,113.393715694081,30121973,0.0000,1.0
2024-05-08,115.71,116.9542,115.41,116.15,113.374193663316,18957166,0.0000,1.0
2024-05-09,116.2,118.53,116.19,118.44,115.609466185822,17563975,0.0000,1.0
2024-05-10,118.54,118.66,117.58,117.96,115.14093744748,13648130,0.0000,1.0
2024-05-13,118.42,119.04,117.12,117.91,115.092132370569,15060619,0.0000,1.0
2024-05-14,116.79,117.74,116.48,117.67,115.7851644627,15079131,0.9500,1.0
2024-05-15,117.61,118.84,116.08,118.58,116.680588102209,18244303,0.0000,1.0
2024-05-16,118.54,119.3,117.54,117.87,115.981960866988,15745202,0.0000,1.0
2024-05-17,118.3,119.83,117.96,119.64,117.723609044934,15104469,0.0000,1.0
2024-05-20,119.73,119.89,118.55,118.67,116.769146484139,11551250,0.0000,1.0
2024-05-21,118.4,119.45,117.78,117.85,115.962281226559,14494980,0.0000,1.0
2024-05-22,117.46,117.46,114.96,115.48,113.630243835749,17879252,0.0000,1.0
2024-05-23,115.6,117.51,113.36,113.51,111.691799253515,15979835,0.0000,1.0
2024-05-24,114.84,115.08,113.035,113.42,111.603240871585,12212949,0.0000,1.0
2024-05-28,113.52,115.11,113.07,114.86,113.020174982457,13978305,0.0000,1.0
2024-05-29,114.525,114.545,112.81,113.63,111.809877096087,13902001,0.0000,1.0
2024-05-30,113.27,114.13,112.955,113.99,112.164110623805,14691976,0.0000,1.0
2024-05-31,114.12,117.49,113.99,117.26,115.38173183391,29037378,0.0000,1.0
2024-06-03,116.3,116.36,113.76,114.45,112.616742353667,19589338,0.0000,1.0
2024-06-04,113.0,113.09,110.92,112.67,110.865254355506,19412238,0.0000,1.0
2024-06-05,112.89,113.19,111.48,113.12,111.308046265154,14863516,0.0000,1.0
2024-06-06,112.75,114.04,112.11,113.97,112.144430983377,13154094,0.0000,1.0
2024-06-07,113.79,114.895,112.6735,112.75,110.943972917221,13289196,0.0000,1.0
2024-06-10,113.06,114.2199,112.7,113.08,111.268686984296,15245227,0.0000,1.0
2024-06-11,112.49,112.6701,111.31,112.17,110.373263344787,12462403,0.0000,1.0
2024-06-12,113.3,113.3,110.54,110.93,109.153125638203,13606788,0.0000,1.0
2024-06-13,110.84,110.86,109.72,110.04,108.277381639122,14466868,0.0000,1.0
2024-06-14,110.02,110.207,108.59,109.11,107.362278359184,13313430,0.0000,1.0
2024-06-17,109.17,109.46,108.18,108.36,106.624291843105,21147943,0.0000,1.0
2024-06-18,109.03,110.72,108.8,109.38,107.627953504973,17762915,0.0000,1.0
2024-06-20,109.91,112.62,109.59,111.74,109.950151075568,17433192,0.0000,1.0
2024-06-21,111.9,112.695,110.76,110.76,108.985848694558,52220574,0.0000,1.0
2024-06-24,111.64,114.525,111.64,114.05,112.223149545092,16266688,0.0000,1.0
2024-06-25,114.11,114.55,113.455,114.37,112.538023791952,16213682,0.0000,1.0
2024-06-26,114.39,114.815,113.14,114.41,112.57738307281,15771751,0.0000,1.0
2024-06-27,114.99,114.99,114.11,114.9,113.059534263315,16812731,0.0000,1.0
2024-06-28,115.86,116.54,114.675,115.12,113.276010308031,24565910,0.0000,1.0
2024-07-01,115.71,116.74,114.53,114.96,113.118573184601,11972881,0.0000,1.0
2024-07-02,115.9,115.94,113.49,114.18,112.351067207879,13326703,0.0000,1.0
2024-07-03,114.27,115.66,114.27,114.76,112.921776780313,7732928,0.0000,1.0
2024-07-05,114.61,114.63,112.685,113.37,111.554041770513,12630986,0.0000,1.0
2024-07-08,112.39,113.55,111.42,112.18,110.383103165001,13350549,0.0000,1.0
2024-07-09,111.11,112.54,110.62,110.94,109.162965458417,11729085,0.0000,1.0
2024-07-10,110.92,111.96,110.42,111.92,110.127267839427,10004094,0.0000,1.0
2024-07-11,111.43,113.315,110.93,113.25,111.435963927941,13084875,0.0000,1.0
2024-07-12,113.99,114.15,112.63,113.27,111.455643568369,11684946,0.0000,1.0
2024-07-15,114.27,116.16,113.575,115.21,113.364568689961,13032503,0.0000,1.0
2024-07-16,114.35,116.35,113.71,116.04,114.181273767755,13614050,0.0000,1.0
2024-07-17,116.74,118.175,116.55,117.64,115.755645002057,13602766,0.0000,1.0
2024-07-18,117.95,119.92,117.435,118.8,116.897064146926,13033563,0.0000,1.0
2024-07-19,118.59,118.8793,115.87,116.07,114.210793228398,16157707,0.0000,1.0
2024-07-22,115.18,115.94,114.58,115.27,113.423607611247,12065877,0.0000,1.0
2024-07-23,114.81,115.17,113.17,113.41,111.593401051371,11251733,0.0000,1.0
2024-07-24,113.765,115.2,113.065,115.01,113.167772285673,14925184,0.0000,1.0
2024-07-25,115.17,118.03,114.56,117.43,115.549008777555,17021698,0.0000,1.0
2024-07-26,116.77,118.03,116.47,117.33,115.450610575411,11252479,0.0000,1.0
2024-07-29,117.32,117.39,115.38,116.1,114.240312689041,8861806,0.0000,1.0
2024-07-30,116.36,118.595,116.23,118.17,116.277155473419,12483857,0.0000,1.0
2024-07-31,119.64,119.76,118.56,118.59,116.690427922424,15137710,0.0000,1.0
2024-08-01,118.35,119.49,116.36,116.95,115.076697407264,15051482,0.0000,1.0
2024-08-02,115.97,118.87,115.42,116.88,115.007818665763,20403773,0.0000,1.0
2024-08-05,115.54,116.03,113.25,114.77,112.931616600528,18025858,0.0000,1.0
2024-08-06,114.45,115.63,113.63,114.16,112.33138756745,13647778,0.0000,1.0
2024-08-07,115.45,117.119,115.26,115.68,113.827040240037,13660657,0.0000,1.0
2024-08-08,116.08,118.105,115.73,117.89,116.001640507416,13850993,0.0000,1.0
2024-08-09,117.885,119.31,117.36,118.85,116.946263247998,12151867,0.0000,1.0
2024-08-12,119.55,120.1699,118.02,119.0,117.093860551214,13228911,0.0000,1.0
2024-08-13,118.275,118.51,117.5,117.86,115.972121046773,11585067,0.0000,1.0
2024-08-14,118.1,119.9,117.63,118.95,117.044661450142,12194520,0.0000,1.0
2024-08-15,118.25,119.63,118.12,118.73,117.762968325792,11579432,0.9500,1.0
2024-08-16,117.99,118.48,117.66,118.17,117.207529411765,10056024,0.0000,1.0
2024-08-19,118.4,120.5,118.17,118.53,117.564597285068,12417467,0.0000,1.0
2024-08-20,118.65,118.65,114.51,114.58,113.646769230769,15631967,0.0000,1.0
2024-08-21,115.01,115.57,113.76,113.85,112.922714932127,11752358,0.0000,1.0
2024-08-22,113.78,115.01,113.635,114.73,113.795547511312,10609501,0.0000,1.0
2024-08-23,115.025,116.72,115.025,116.32,115.372597285068,10381431,0.0000,1.0
2024-08-26,117.76,118.94,116.92,118.81,117.842316742081,13671016,0.0000,1.0
2024-08-27,118.96,119.41,117.4,117.68,116.721520361991,9991631,0.0000,1.0
2024-08-28,117.0,117.58,116.26,116.52,115.570968325792,10742867,0.0000,1.0
2024-08-29,117.2,118.79,116.35,118.13,117.16785520362,10753895,0.0000,1.0
2024-08-30,116.79,118.02,116.29,117.94,116.979402714932,13284689,0.0000,1.0
2024-09-03,115.84,116.09,114.04,115.47,114.529520361991,15725139,0.0000,1.0
2024-09-04,115.29,116.15,113.975,114.06,113.131004524887,12042710,0.0000,1.0
2024-09-05,115.07,115.28,113.07,113.17,112.248253393665,17200770,0.0000,1.0
2024-09-06,113.59,114.18,111.732,112.64,111.722570135747,13467747,0.0000,1.0
2024-09-09,112.87,116.15,112.66,115.01,114.073266968326,21645325,0.0000,1.0
2024-09-10,115.1,115.4,110.17,110.82,109.917393665158,20913405,0.0000,1.0
2024-09-11,110.775,110.95,107.77,109.72,108.826352941176,19571945,0.0000,1.0
2024-09-12,109.9,111.33,109.7609,111.23,110.324054298643,15923318,0.0000,1.0
2024-09-13,111.47,112.47,110.93,111.15,110.244705882353,10035392,0.0000,1.0
2024-09-16,112.05,113.085,111.69,112.71,111.792,11729034,0.0000,1.0
2024-09-17,112.32,114.37,112.12,114.18,113.250027149321,12202556,0.0000,1.0
2024-09-18,114.11,115.63,113.81,114.58,113.646769230769,12569929,0.0000,1.0
2024-09-19,116.16,117.575,115.19,116.0,115.05520361991,12660642,0.0000,1.0
2024-09-20,115.46,115.51,114.25,115.27,114.331149321267,36206195,0.0000,1.0
2024-09-23,115.33,117.793,115.12,117.36,116.404126696833,16066285,0.0000,1.0
2024-09-24,117.84,118.16,116.83,117.05,116.09665158371,11984863,0.0000,1.0
2024-09-25,116.485,117.05,114.04,114.77,113.835221719457,13816041,0.0000,1.0
2024-09-26,111.14,113.48,111.14,112.8,111.881266968326,16887908,0.0000,1.0
2024-09-27,113.76,116.09,113.25,115.82,114.876669683258,15963973,0.0000,1.0
2024-09-30,115.46,117.39,114.96,117.22,116.265266968326,13250657,0.0000,1.0
2024-10-01,116.04,120.6,115.93,119.93,118.953194570136,23235878,0.0000,1.0
2024-10-02,121.93,122.82,120.2,121.52,120.530244343891,17129676,0.0000,1.0
2024-10-03,121.9,123.17,120.929,122.58,121.581610859729,16524334,0.0000,1.0
2024-10-04,123.2,125.19,122.43,124.83,123.813285067873,19759207,0.0000,1.0
2024-10-07,125.25,126.34,124.86,125.37,124.348886877828,15714440,0.0000,1.0
2024-10-08,123.88,124.02,121.26,122.04,121.046009049774,14818475,0.0000,1.0
2024-10-09,120.9,122.5799,120.8,122.09,121.095601809955,11144864,0.0000,1.0
2024-10-10,123.16,123.7013,122.29,123.14,122.137049773756,10243320,0.0000,1.0
2024-10-11,123.1,124.0339,122.94,123.61,122.603221719457,8294839,0.0000,1.0
2024-10-14,123.24,124.26,122.615,124.08,123.069393665158,9808122,0.0000,1.0
2024-10-15,120.82,121.95,119.78,120.35,119.369773755656,15771317,0.0000,1.0
2024-10-16,120.89,121.435,120.6,120.66,119.677248868778,8426770,0.0000,1.0
2024-10-17,120.76,121.58,119.71,120.35,119.369773755656,11204857,0.0000,1.0
2024-10-18,120.44,120.64,119.15,120.01,119.032542986425,12898640,0.0000,1.0
2024-10-21,120.98,121.48,119.72,120.08,119.101972850679,10177777,0.0000,1.0
2024-10-22,120.26,121.19,119.94,120.7,119.716923076923,9201408,0.0000,1.0
2024-10-23,119.97,120.75,119.4,120.27,119.290425339367,8320330,0.0000,1.0
2024-10-24,120.0,120.44,119.125,119.59,118.615963800905,9905556,0.0000,1.0
2024-10-25,120.2,120.43,119.315,119.49,118.516778280543,10714583,0.0000,1.0
2024-10-28,116.79,119.01,116.77,118.9,117.931583710407,11844545,0.0000,1.0
2024-10-29,118.58,119.1719,117.0701,117.28,116.324778280543,14731024,0.0000,1.0
2024-10-30,117.66,118.27,116.48,116.69,115.739583710407,12303738,0.0000,1.0
2024-10-31,117.15,118.67,116.68,116.78,115.828850678733,20511977,0.0000,1.0
2024-11-01,119.93,119.95,114.84,114.95,114.013755656109,20939321,0.0000,1.0
2024-11-04,116.07,118.7,115.93,118.61,117.643945701357,14965433,0.0000,1.0
2024-11-05,119.08,119.21,118.01,118.96,117.991095022624,10436744,0.0000,1.0
2024-11-06,121.145,121.91,119.3,121.0,120.014479638009,20807681,0.0000,1.0
2024-11-07,121.3,121.5,119.61,121.15,120.163257918552,12184431,0.0000,1.0
2024-11-08,120.98,121.42,119.66,121.11,120.123583710407,12835969,0.0000,1.0
2024-11-11,121.0,121.62,120.07,120.47,119.488796380091,11969663,0.0000,1.0
2024-11-12,121.13,121.31,119.8365,120.35,119.369773755656,11972802,0.0000,1.0
2024-11-13,120.565,122.05,118.8,121.47,120.48065158371,15127877,0.0000,1.0
2024-11-14,121.66,121.88,120.33,120.56,120.56,13041845,0.9900,1.0
2024-11-15,120.4,121.24,119.13,119.31,119.31,19051713,0.0000,1.0
2024-11-18,119.79,120.62,119.27,120.31,120.31,14243701,0.0000,1.0
2024-11-19,119.75,119.75,118.2,118.63,118.63,11584382,0.0000,1.0
2024-11-20,119.17,120.47,118.64,120.32,120.32,11360932,0.0000,1.0
2024-11-21,121.08,122.5547,120.27,121.93,121.93,14675422,0.0000,1.0
2024-11-22,121.82,123.21,121.64,121.79,121.79,13323431,0.0000,1.0
2024-11-25,121.43,121.88,119.61,119.97,119.97,26580295,0.0000,1.0
2024-11-26,119.53,119.68,117.845,117.97,117.97,14827327,0.0000,1.0
2024-11-27,118.09,118.73,117.43,117.66,117.66,11079122,0.0000,1.0
